{"stats":{"minecraft:used":{"minecraft:netherite_sword":10,"creeperoverhaul:mushroom_creeper_spawn_egg":1,"endermanoverhaul:soulsand_valley_enderman_spawn_egg":1,"framedblocks:framed_stacked_corner_slope_panel":7,"crittersandcompanions:ferret_spawn_egg":1,"minecraft:redstone":1,"knightquest:water_sword":29,"iceandfire:spawn_egg_gorgon":1,"minecraft:stone":1,"minecraft:zombie_spawn_egg":9,"aquamirae:fin_cutter":1,"mowziesmobs:umvuthana_raptor_spawn_egg":1,"mowziesmobs:umvuthana_crane_spawn_egg":1,"bosses_of_mass_destruction:earthdive_spear":1,"framedblocks:framed_flat_inner_slope_panel_corner":3,"crittersandcompanions:red_panda_spawn_egg":1,"minecraft:dirt":2,"minecraft:spyglass":9,"knightquest:uchigatana_katana":27,"endermanoverhaul:snowy_enderman_spawn_egg":1,"mowziesmobs:frostmaw_spawn_egg":1,"mowziesmobs:lantern_spawn_egg":1,"mowziesmobs:wroughtnaut_spawn_egg":2,"aquamirae:spinefish_spawn_egg":1,"aquamirae:golden_moth_spawn_egg":1,"endermanoverhaul:swamp_enderman_spawn_egg":1,"bosses_of_mass_destruction:mob_ward":1,"aquamirae:captain_cornelia_spawn_egg":6,"stalwart_dungeons:tungsten_pickaxe":22,"artifacts:mimic_spawn_egg":1,"aquamirae:coral_lance":5,"minecraft:obsidian":1,"endermanoverhaul:badlands_enderman_spawn_egg":1,"born_in_chaos_v1:supreme_measure":2,"minecraft:stone_brick_slab":2,"cataclysm:infernal_forge":14,"minecraft:lava_bucket":1,"knightquest:cleaver_heavy_axe":17,"create:gearbox":1,"minecraft:grass_block":5,"minecraft:stone_bricks":6,"minecraft:stone_brick_stairs":1,"securitycraft:sentry":2,"minecraft:glowstone":15,"beyond_earth:rocket_launch_pad":19,"endermanoverhaul:end_islands_enderman_spawn_egg":4,"minecraft:golden_carrot":1,"sons_of_sins:nibbler_spawn_egg":1,"minecraft:bow":99,"securitycraft:dirt_mine":57,"stalwart_dungeons:obsidian_striker":2,"the_bumblezone:bumble_bee_chestplate_trans_1":1,"securitycraft:laser_block":7,"iceandfire:dread_portal":65,"beyond_earth:rocket":6,"tombstone:gift":1,"crittersandcompanions:jumping_spider_spawn_egg":1,"minecraft:cooked_beef":3,"securitycraft:alarm":3,"minecraft:mossy_stone_bricks":4,"mowziesmobs:umvuthana_spawn_egg":1,"immersive_armors:steampunk_boots":1,"create:crushing_wheel":1,"aquamirae:maw_spawn_egg":9,"endermanoverhaul:crimson_forest_enderman_spawn_egg":1,"endermanoverhaul:cave_enderman_spawn_egg":1,"minecraft:chorus_fruit":2,"aquamirae:eel_spawn_egg":2,"beyond_earth:moon_sand":6,"creeperoverhaul:desert_creeper_spawn_egg":1,"sons_of_sins:gulber_spawn_egg":1,"mowziesmobs:foliaath_spawn_egg":2,"create:mechanical_saw":7,"minecraft:cracked_stone_bricks":6,"creeperoverhaul:ocean_creeper_spawn_egg":1,"mowziesmobs:naga_spawn_egg":1,"endermanoverhaul:flower_fields_enderman_spawn_egg":1,"minecraft:golden_apple":3,"endermanoverhaul:nether_wastes_enderman_spawn_egg":1,"create:flywheel":1,"born_in_chaos_v1:zombie_bruiser_spawn_egg":5,"knightquest:steel_axe":91,"endermanoverhaul:dark_oak_enderman_spawn_egg":1,"aquamirae:tortured_soul_spawn_egg":2,"create:schematicannon":3,"mowziesmobs:grottol_spawn_egg":1,"minecraft:crossbow":11,"sons_of_sins:devourer_spawn_egg":1,"minecraft:stone_brick_wall":5,"bosses_of_mass_destruction:soul_star":24,"minecraft:redstone_torch":1,"tombstone:bag_of_seeds":2,"minecraft:diamond_pickaxe":6,"minecraft:light":3,"iceandfire:dragonbone_sword_fire":7,"born_in_chaos_v1:tombstone_petasi":1,"endermanoverhaul:desert_enderman_spawn_egg":1,"minecraft:barrier":21,"the_bumblezone:variant_bee_spawn_egg":22,"create:water_wheel":3,"endermanoverhaul:ice_spikes_enderman_spawn_egg":1,"aquamirae:anglerfish_spawn_egg":2,"aquamirae:maze_mother_spawn_egg":1,"mowziesmobs:umvuthi_spawn_egg":2,"create:large_water_wheel":4,"sons_of_sins:butcher_spawn_egg":1,"securitycraft:mine":1,"minecraft:diamond_sword":4,"minecraft:cobblestone":8,"the_bumblezone:bee_queen_spawn_egg":1,"born_in_chaos_v1:tombstone_dark_titan_066":1,"born_in_chaos_v1:infernal_spirit_spawn_egg":1,"create:stressometer":1,"alexsmobs:animal_dictionary":1,"farmersdelight:honey_glazed_ham":4,"crittersandcompanions:sea_bunny_spawn_egg":1},"minecraft:picked_up":{"minecraft:charcoal":2,"minecraft:chainmail_boots":1,"minecraft:stone_brick_wall":5,"minecraft:stone_brick_stairs":1,"aquamirae:sharp_bones":20,"mowziesmobs:naga_spawn_egg":1,"minecraft:cracked_stone_bricks":2,"bosses_of_mass_destruction:soul_star":8,"aquamirae:frozen_key":1,"minecraft:stick":1,"tombstone:grave_dust":1,"minecraft:prismarine_crystals":9,"beyond_earth:rocket":5,"minecraft:arrow":4,"aquamirae:treasure_pouch":1,"minecraft:cobblestone":9,"mowziesmobs:lantern_spawn_egg":1,"minecraft:basalt":16,"aquamirae:three_bolt_helmet":1,"aquamirae:abyssal_amethyst":2,"minecraft:gunpowder":2,"minecraft:dirt":10,"aquamirae:fin":9,"beyond_earth:moon_sand":112,"minecraft:bone":1,"create:crushing_wheel":1,"minecraft:stone_bricks":6,"born_in_chaos_v1:skullbreaker_hammer":1,"aquaculture:atlantic_herring":1,"securitycraft:mine":1,"aquamirae:ship_graveyard_echo":1,"minecraft:stone_brick_slab":2,"securitycraft:ims":1,"sons_of_sins:ribs":1,"sons_of_sins:flesh_of_demise":2,"born_in_chaos_v1:fire_dust":1,"knightquest:small_essence":2,"minecraft:crossbow":1,"minecraft:emerald":2,"iceandfire:gorgon_head":1,"minecraft:chorus_fruit":2,"minecraft:ender_pearl":1},"minecraft:custom":{"minecraft:mob_kills":30,"minecraft:damage_dealt_resisted":1174,"minecraft:leave_game":3,"minecraft:time_since_death":73505,"minecraft:climb_one_cm":1560,"minecraft:sprint_one_cm":105131,"minecraft:walk_one_cm":193208,"minecraft:drop":16,"minecraft:play_time":129036,"minecraft:deaths":2,"minecraft:sneak_time":3457,"minecraft:walk_under_water_one_cm":11727,"minecraft:jump":1234,"minecraft:walk_on_water_one_cm":11901,"minecraft:total_world_time":129036,"tombstone:raider_killed":2,"minecraft:time_since_rest":72524,"minecraft:damage_absorbed":80,"minecraft:damage_taken":2147483647,"minecraft:damage_dealt":16035,"minecraft:swim_one_cm":16066,"minecraft:fly_one_cm":1460150,"minecraft:open_chest":12,"minecraft:crouch_one_cm":4860,"tombstone:undead_killed":5,"minecraft:fall_one_cm":21386},"minecraft:killed":{"minecraft:vindicator":1,"iceandfire:gorgon":1,"minecraft:skeleton":2,"aquamirae:golden_moth":1,"born_in_chaos_v1:firelight_not_despawn":1,"aquamirae:maw":12,"aquamirae:captain_cornelia":1,"endermanoverhaul:end_enderman":1,"born_in_chaos_v1:infernal_spirit":1,"minecraft:pillager":1,"aquamirae:anglerfish":3,"born_in_chaos_v1:door_knight":1},"minecraft:killed_by":{"iceandfire:gorgon":1},"minecraft:mined":{"minecraft:grass_block":2,"minecraft:stone_brick_wall":6,"minecraft:spawner":1,"minecraft:packed_ice":2,"minecraft:stone_brick_slab":2,"minecraft:cobblestone":4,"biomesoplenty:sprout":1,"minecraft:ice":2,"minecraft:stone_brick_stairs":1,"minecraft:grass":1,"minecraft:cracked_stone_bricks":3,"minecraft:stone_bricks":6},"minecraft:dropped":{"minecraft:cooked_beef":32,"tombstone:grave_key":1,"tombstone:grave_dust":1,"minecraft:bone":5,"minecraft:bowl":3,"mowziesmobs:naga_spawn_egg":1,"mowziesmobs:lantern_spawn_egg":1,"aquamirae:fin":1,"minecraft:chainmail_boots":1,"minecraft:arrow":1}},"DataVersion":3465}