{"stats":{"minecraft:mined":{"minecraft:spruce_planks":7,"minecraft:red_nether_bricks":1,"minecraft:obsidian":1,"minecraft:granite":9,"minecraft:grass_block":9,"biomesoplenty:stripped_mahogany_log":1,"minecraft:gilded_blackstone":4,"minecraft:spawner":8,"minecraft:polished_blackstone_bricks":2,"minecraft:magma_block":3,"biomesoplenty:orange_cosmos":1,"minecraft:iron_ore":8,"minecraft:fire":6,"minecraft:dirt_path":1,"minecraft:oak_stairs":1,"minecraft:iron_bars":1,"minecraft:blackstone":1,"minecraft:kelp_plant":5,"stalwart_dungeons:transient_block_close":1,"born_in_chaos_v1:infected_deepslate_diamond_ore":1,"minecraft:torch":3,"minecraft:blast_furnace":1,"minecraft:melon":17,"minecraft:chest":1,"minecraft:nether_quartz_ore":4,"minecraft:cobblestone":42,"minecraft:sugar_cane":1,"minecraft:oak_planks":27,"minecraft:wall_torch":2,"minecraft:warped_nylium":2,"farmersdelight:sandy_shrub":2,"minecraft:nether_wart_block":1,"minecraft:grass":22,"minecraft:oak_log":28,"minecraft:sand":12,"minecraft:dirt":16,"born_in_chaos_v1:infernal_evil_pumpkin_s":1,"minecraft:netherrack":180,"minecraft:ancient_debris":2,"create:crimsite":11,"minecraft:oak_leaves":3,"minecraft:deepslate":38,"minecraft:crying_obsidian":3,"minecraft:tuff":1,"biomesoplenty:watergrass":2,"farmersdelight:onions":1,"iceandfire:silver_ore":2,"minecraft:deepslate_diamond_ore":3,"farmersdelight:wild_carrots":1,"minecraft:nether_bricks":11,"farmersdelight:wild_cabbages":2,"minecraft:kelp":2,"minecraft:cracked_nether_bricks":3,"minecraft:hay_block":74,"minecraft:carrots":7,"biomesoplenty:toadstool":1,"minecraft:deepslate_iron_ore":26,"crittersandcompanions:silk_cocoon":2,"minecraft:stone":89,"sophisticatedbackpacks:backpack":1,"minecraft:crafting_table":3,"biomesoplenty:mahogany_planks":3,"minecraft:tall_grass":2,"minecraft:copper_ore":5,"biomesoplenty:sprout":2,"minecraft:deepslate_gold_ore":35,"minecraft:diorite":13,"biomesoplenty:mahogany_log":85,"minecraft:birch_leaves":1,"minecraft:coal_ore":14,"minecraft:cobweb":2,"minecraft:stripped_acacia_wood":1,"minecraft:chipped_anvil":1,"minecraft:fern":20},"minecraft:crafted":{"minecraft:oak_planks":116,"minecraft:diamond_leggings":1,"minecraft:bow":1,"minecraft:iron_boots":1,"sophisticatedbackpacks:copper_backpack":1,"minecraft:chest":2,"sophisticatedbackpacks:backpack":1,"minecraft:crafting_table":13,"minecraft:wooden_pickaxe":1,"minecraft:copper_ingot":8,"farmersdelight:skillet":1,"minecraft:iron_chestplate":1,"minecraft:diamond_pickaxe":1,"minecraft:shield":2,"minecraft:stick":16,"minecraft:iron_pickaxe":1,"minecraft:iron_ingot":40,"minecraft:stone_sword":1,"minecraft:shears":1,"minecraft:golden_carrot":7,"biomesoplenty:mahogany_planks":348,"minecraft:furnace":6,"minecraft:flint_and_steel":1,"minecraft:iron_axe":1,"minecraft:iron_hoe":1,"minecraft:stone_pickaxe":1,"minecraft:diamond_boots":1,"minecraft:wheat":306,"sophisticatedbackpacks:iron_backpack":1,"minecraft:iron_sword":1,"minecraft:bucket":1,"minecraft:stone_axe":1,"minecraft:bread":102,"minecraft:air":0,"minecraft:oak_boat":1,"minecraft:gold_nugget":63,"minecraft:wooden_axe":1,"minecraft:iron_leggings":1,"minecraft:white_bed":2,"minecraft:torch":8,"minecraft:diamond_chestplate":1,"minecraft:golden_hoe":1},"minecraft:used":{"minecraft:chest":2,"minecraft:shield":122,"biomesoplenty:orange_cosmos":1,"minecraft:iron_sword":222,"minecraft:mutton":2,"minecraft:nether_bricks":8,"minecraft:carrot":32,"minecraft:tuff":1,"minecraft:obsidian":4,"minecraft:milk_bucket":5,"born_in_chaos_v1:corpse_maggot":11,"minecraft:lava_bucket":46,"minecraft:bow":10,"minecraft:oak_sapling":2,"minecraft:furnace":6,"minecraft:diorite":3,"minecraft:stone_pickaxe":19,"minecraft:oak_planks":29,"minecraft:blackstone":1,"minecraft:wooden_pickaxe":5,"minecraft:golden_apple":3,"minecraft:glow_berries":23,"minecraft:golden_hoe":35,"minecraft:sand":15,"sophisticatedbackpacks:backpack":1,"minecraft:melon_slice":155,"minecraft:bread":82,"minecraft:oak_boat":3,"biomesoplenty:mahogany_planks":325,"minecraft:stone_sword":29,"minecraft:flint_and_steel":2,"minecraft:tropical_fish":1,"minecraft:netherrack":91,"minecraft:torch":89,"minecraft:dirt":10,"artifacts:onion_ring":1,"minecraft:golden_shovel":2,"farmersdelight:rope":4,"minecraft:iron_hoe":42,"minecraft:wooden_axe":12,"alexsmobs:maggot":3,"minecraft:iron_axe":228,"minecraft:golden_carrot":6,"minecraft:beef":6,"tombstone:gift":3,"minecraft:cooked_beef":1,"minecraft:cobbled_deepslate":42,"minecraft:cooked_mutton":1,"minecraft:water_bucket":39,"farmersdelight:skillet":169,"minecraft:polished_blackstone_bricks":5,"minecraft:gilded_blackstone":4,"minecraft:salmon":19,"tombstone:scroll_of_feather_fall":3,"minecraft:crafting_table":16,"minecraft:white_bed":2,"minecraft:cod":21,"tombstone:tablet_of_home":1,"minecraft:diamond_pickaxe":388,"minecraft:apple":9,"minecraft:iron_pickaxe":133,"tombstone:magic_scroll":1,"minecraft:cracked_nether_bricks":1,"minecraft:stone_axe":6,"minecraft:cobblestone":60,"minecraft:cooked_porkchop":5,"minecraft:bucket":86,"alexsmobs:animal_dictionary":6},"minecraft:custom":{"minecraft:interact_with_crafting_table":43,"minecraft:open_barrel":29,"minecraft:leave_game":10,"minecraft:time_since_death":3503,"minecraft:damage_resisted":13,"minecraft:sprint_one_cm":783640,"minecraft:damage_blocked_by_shield":3593,"minecraft:drop":179,"minecraft:talked_to_villager":6,"minecraft:play_time":325283,"minecraft:deaths":13,"minecraft:jump":7919,"minecraft:interact_with_brewingstand":1,"minecraft:walk_on_water_one_cm":58645,"minecraft:interact_with_furnace":43,"minecraft:damage_dealt":29205,"minecraft:crouch_one_cm":30867,"tombstone:undead_killed":70,"minecraft:mob_kills":148,"minecraft:damage_dealt_resisted":1180,"minecraft:climb_one_cm":5640,"minecraft:walk_one_cm":638840,"minecraft:damage_dealt_absorbed":12,"minecraft:sneak_time":11677,"minecraft:walk_under_water_one_cm":46655,"minecraft:boat_one_cm":84195,"minecraft:interact_with_blast_furnace":5,"minecraft:total_world_time":325283,"tombstone:raider_killed":1,"minecraft:time_since_rest":3050,"minecraft:damage_taken":12432,"minecraft:damage_absorbed":118,"tombstone:cast_on_ally":1,"minecraft:swim_one_cm":242366,"minecraft:fly_one_cm":1553911,"minecraft:open_chest":78,"minecraft:fall_one_cm":204396},"minecraft:picked_up":{"minecraft:oak_stairs":1,"minecraft:gilded_blackstone":7,"minecraft:nether_brick":22,"alexsmobs:bone_serpent_tooth":1,"born_in_chaos_v1:bloody_gadfly_eye":1,"tombstone:grave_key":1,"minecraft:raw_copper":17,"minecraft:string":9,"minecraft:red_nether_bricks":1,"biomesoplenty:stripped_mahogany_log":1,"minecraft:cobbled_deepslate":42,"minecraft:spruce_planks":7,"minecraft:melon_slice":90,"farmersdelight:cabbage_seeds":2,"minecraft:tipped_arrow":1,"minecraft:stick":8,"born_in_chaos_v1:shattered_skull":1,"minecraft:oak_fence":1,"minecraft:torch":7,"tombstone:grave_dust":14,"minecraft:diorite":13,"minecraft:stone_sword":1,"minecraft:rotten_flesh":28,"minecraft:blaze_rod":8,"minecraft:obsidian":1,"minecraft:iron_bars":1,"biomesoplenty:orange_cosmos":1,"minecraft:cobblestone":122,"minecraft:nautilus_shell":1,"minecraft:magma_block":1,"minecraft:leather_chestplate":2,"minecraft:cooked_beef":1,"born_in_chaos_v1:spiritual_dust":5,"minecraft:tuff":1,"minecraft:horn_coral":1,"minecraft:lapis_lazuli":1,"minecraft:dirt":27,"born_in_chaos_v1:monster_skin":1,"minecraft:leather_boots":1,"minecraft:bone":25,"minecraft:chipped_anvil":1,"minecraft:wheat_seeds":2,"minecraft:raw_gold":36,"minecraft:bamboo":2,"minecraft:oak_planks":24,"biomesoplenty:mahogany_planks":3,"iceandfire:amphithere_feather":2,"minecraft:cooked_porkchop":10,"minecraft:stripped_acacia_wood":1,"minecraft:sand":14,"minecraft:grass_block":1,"minecraft:bundle":2,"create:crimsite":11,"minecraft:diamond":3,"knightquest:small_essence":7,"minecraft:granite":9,"minecraft:bread":7,"alexsmobs:maggot":3,"minecraft:oak_sapling":7,"minecraft:netherrack":186,"iceandfire:raw_silver":2,"minecraft:crafting_table":3,"born_in_chaos_v1:diamond_termite_shard":1,"iceandfire:witherbone":1,"minecraft:leather_leggings":1,"born_in_chaos_v1:seedof_chaos":1,"minecraft:brown_mushroom":5,"minecraft:wooden_pickaxe":1,"minecraft:blackstone":4,"minecraft:beef":6,"minecraft:oak_boat":2,"minecraft:chest":2,"minecraft:sugar_cane":3,"farmersdelight:golden_knife":1,"minecraft:raw_iron":34,"sophisticatedbackpacks:backpack":2,"minecraft:polished_blackstone_bricks":5,"born_in_chaos_v1:pieceofdarkmetal":9,"minecraft:carrot":26,"minecraft:weeping_vines":3,"minecraft:arrow":7,"minecraft:beetroot_seeds":1,"minecraft:nether_bricks":10,"minecraft:hay_block":74,"crittersandcompanions:silk":3,"born_in_chaos_v1:spiny_shell":1,"sophisticatedbackpacks:copper_backpack":1,"minecraft:mutton":10,"minecraft:skeleton_skull":1,"minecraft:white_wool":5,"born_in_chaos_v1:fused_bone":4,"born_in_chaos_v1:corpse_maggot":16,"born_in_chaos_v1:monster_flesh":2,"minecraft:leather":8,"minecraft:oak_log":29,"minecraft:ancient_debris":2,"minecraft:nether_wart_block":1,"tombstone:gift":3,"minecraft:red_carpet":4,"minecraft:kelp":3,"minecraft:iron_ingot":1,"stalwart_dungeons:transient_block_close":1,"born_in_chaos_v1:ethereal_spirit":5,"born_in_chaos_v1:orbofthe_summoner":1,"minecraft:quartz":3,"minecraft:cracked_nether_bricks":3,"born_in_chaos_v1:dark_rod":2,"mowziesmobs:wrought_helmet":1,"minecraft:blast_furnace":1,"minecraft:crying_obsidian":2,"minecraft:spider_eye":4,"biomesoplenty:mahogany_log":87,"minecraft:warped_roots":3,"minecraft:coal":17},"minecraft:broken":{"minecraft:golden_hoe":1,"minecraft:leather_chestplate":1,"minecraft:shield":1},"minecraft:dropped":{"iceandfire:raw_silver":1,"minecraft:brown_mushroom":5,"minecraft:lapis_lazuli":1,"minecraft:crafting_table":1,"minecraft:cooked_porkchop":1,"minecraft:weeping_vines":3,"minecraft:warped_roots":3,"minecraft:leather":4,"create:crimsite":11,"minecraft:rail":1,"minecraft:red_carpet":4,"born_in_chaos_v1:monster_flesh":2,"minecraft:dirt":19,"minecraft:horn_coral":1,"minecraft:gilded_blackstone":3,"minecraft:bone":5,"biomesoplenty:stripped_mahogany_log":1,"minecraft:stone_axe":2,"minecraft:blackstone":3,"minecraft:sugar_cane":3,"alexsmobs:animal_dictionary":1,"minecraft:nether_brick":22,"tombstone:gift":7,"minecraft:rotten_flesh":28,"minecraft:oak_planks":20,"minecraft:golden_shovel":1,"minecraft:leather_chestplate":1,"minecraft:skeleton_skull":1,"minecraft:beetroot_seeds":2,"born_in_chaos_v1:corpse_maggot":11,"minecraft:leather_boots":1,"minecraft:chest":1,"born_in_chaos_v1:diamond_termite_shard":1,"minecraft:leather_leggings":1,"stalwart_dungeons:transient_block_close":1,"minecraft:red_nether_bricks":1,"minecraft:iron_bars":1,"minecraft:arrow":2,"minecraft:cracked_nether_bricks":2,"minecraft:quartz":3,"minecraft:netherrack":49,"minecraft:water_bucket":1,"minecraft:iron_ingot":10,"minecraft:bread":51,"born_in_chaos_v1:shattered_skull":1,"minecraft:wheat_seeds":2,"minecraft:oak_fence":1,"minecraft:iron_helmet":1,"minecraft:cobblestone":6,"minecraft:apple":1,"minecraft:granite":9,"minecraft:coal":1,"minecraft:stick":3,"farmersdelight:golden_knife":1,"minecraft:diorite":10,"tombstone:grave_key":3,"minecraft:wooden_axe":1,"minecraft:nether_wart_block":1,"born_in_chaos_v1:fused_bone":4,"tombstone:grave_dust":15,"minecraft:iron_leggings":1,"minecraft:oak_stairs":1,"minecraft:string":8,"minecraft:bucket":1,"minecraft:kelp":3,"minecraft:stone_sword":3,"minecraft:raw_copper":4,"farmersdelight:cabbage_seeds":2,"iceandfire:amphithere_feather":2,"minecraft:iron_boots":1,"sophisticatedbackpacks:backpack":1,"born_in_chaos_v1:spiritual_dust":5,"minecraft:stripped_acacia_wood":1,"minecraft:nether_bricks":2,"minecraft:spruce_planks":4,"minecraft:iron_chestplate":1,"minecraft:oak_sapling":5,"minecraft:spider_eye":5,"minecraft:bamboo":2,"knightquest:small_essence":7,"minecraft:stone_pickaxe":2,"minecraft:wooden_pickaxe":2,"minecraft:bell":1,"minecraft:magma_block":1},"minecraft:killed":{"minecraft:cave_spider":4,"born_in_chaos_v1:restless_spirit":3,"born_in_chaos_v1:door_knight_not_despawn":1,"born_in_chaos_v1:pumpkin_spirit":1,"minecraft:spider":6,"born_in_chaos_v1:siamese_skeletonsright":2,"born_in_chaos_v1:baby_skeleton_minion":5,"creeperoverhaul:bamboo_creeper":2,"minecraft:skeleton":15,"born_in_chaos_v1:skeleton_thrasher":1,"born_in_chaos_v1:supreme_bonescaller_stage_2":1,"born_in_chaos_v1:diamond_termite":2,"stalwart_dungeons:giddy_blaze":11,"alexsmobs:crimson_mosquito":3,"minecraft:zombie":20,"born_in_chaos_v1:dread_hound":2,"born_in_chaos_v1:corpse_fly":7,"cataclysm:deepling":2,"minecraft:stray":4,"born_in_chaos_v1:siamese_skeletonsleft":2,"minecraft:cow":5,"alexsmobs:bone_serpent":1,"born_in_chaos_v1:skeleton_thrasher_not_despawn":1,"born_in_chaos_v1:zombie_bruiser":2,"minecraft:phantom":1,"born_in_chaos_v1:maggot":11,"alexsmobs:gorilla":1,"stalwart_dungeons:nether_wart_cocoon":4,"born_in_chaos_v1:barrel_zombie":1,"born_in_chaos_v1:bone_imp_minion":4,"iceandfire:cyclops":1,"born_in_chaos_v1:swarmer":1,"minecraft:hoglin":3,"born_in_chaos_v1:decrepit_skeleton":1,"alexsmobs:emu":1,"born_in_chaos_v1:bloody_gadfly":1,"iceandfire:ghost":1,"born_in_chaos_v1:dark_vortex":1,"minecraft:wither_skeleton":6,"minecraft:enderman":2}},"DataVersion":3465}