{"stats":{"minecraft:picked_up":{"minecraft:coarse_dirt":1,"minecraft:crafting_table":1,"minecraft:redstone_block":1,"minecraft:green_stained_glass_pane":1,"aquaculture:catfish":1,"minecraft:gilded_blackstone":1,"minecraft:chain":1,"minecraft:shield":1,"minecraft:string":3,"minecraft:blue_stained_glass_pane":1,"aquaculture:bluegill":1,"minecraft:beef":16,"minecraft:smooth_quartz":8,"minecraft:chest":2,"minecraft:stick":2,"minecraft:raw_iron":14,"minecraft:spruce_stairs":2,"tombstone:grave_dust":4,"minecraft:redstone":1,"minecraft:arrow":9,"minecraft:rotten_flesh":13,"iceandfire:chared_dirt":3,"minecraft:mutton":4,"minecraft:skeleton_skull":1,"minecraft:cobblestone":18,"born_in_chaos_v1:corpse_maggot":3,"minecraft:feather":6,"born_in_chaos_v1:monster_flesh":2,"minecraft:leather":4,"minecraft:chiseled_quartz_block":2,"minecraft:potato":5,"minecraft:filled_map":2,"biomesoplenty:fir_log":4,"exposure:aged_photograph":1,"minecraft:oak_log":3,"minecraft:dirt":2,"minecraft:paper":13,"minecraft:bone":7,"minecraft:wheat_seeds":2,"minecraft:iron_ingot":2,"tombstone:bag_of_seeds":1,"iceandfire:chared_stone":1,"born_in_chaos_v1:ethereal_spirit":1,"minecraft:gravel":1,"exposure:developed_black_and_white_film":1,"minecraft:white_bed":2,"minecraft:spruce_log":1,"biomesoplenty:glowing_moss_block":1,"minecraft:spider_eye":1,"minecraft:light_gray_concrete":6,"minecraft:lever":1,"knightquest:small_essence":4,"biomesoplenty:pink_daffodil":1,"tombstone:magic_scroll":1,"iceandfire:raw_silver":6,"minecraft:coal":15},"minecraft:mined":{"biomesoplenty:glowing_moss_block":1,"iceandfire:silver_ore":6,"iceandfire:chared_dirt":4,"minecraft:gilded_blackstone":1,"minecraft:spawner":4,"minecraft:iron_ore":14,"minecraft:fire":2,"minecraft:light_gray_concrete":6,"minecraft:stone":18,"farmersdelight:wild_potatoes":6,"minecraft:tripwire":1,"minecraft:redstone_block":1,"minecraft:chiseled_quartz_block":2,"minecraft:crafting_table":1,"minecraft:chest":2,"biomesoplenty:sprout":1,"minecraft:spruce_stairs":2,"minecraft:seagrass":1,"minecraft:coarse_dirt":1,"biomesoplenty:pink_daffodil":1,"biomesoplenty:fir_log":4,"minecraft:grass":4,"minecraft:oak_log":2,"minecraft:coal_ore":15,"biomesoplenty:fir_leaves":8,"minecraft:dirt":2,"minecraft:gravel":1,"minecraft:smooth_quartz":9,"minecraft:oak_leaves":6,"minecraft:fern":1,"iceandfire:chared_stone":1},"minecraft:used":{"minecraft:stone_sword":122,"iceandfire:silver_sword":53,"minecraft:shield":1,"minecraft:stone":88,"minecraft:iron_chestplate":1,"aquaculture:bluegill":1,"minecraft:mutton":4,"born_in_chaos_v1:corpse_maggot":3,"aquaculture:catfish":1,"minecraft:beef":10,"minecraft:furnace":1,"tombstone:gift":1,"minecraft:potato":8,"minecraft:stone_pickaxe":25,"minecraft:wooden_pickaxe":12,"minecraft:crafting_table":3,"minecraft:white_bed":1,"iceandfire:silver_axe":5,"minecraft:redstone_torch":2,"tombstone:bag_of_seeds":2,"biomesoplenty:pink_daffodil":1,"born_in_chaos_v1:monster_flesh":1,"minecraft:iron_pickaxe":46,"minecraft:cobblestone":3,"alexsmobs:animal_dictionary":1},"minecraft:killed":{"aquaculture:bluegill":1,"born_in_chaos_v1:zombie_lumberjack":1,"born_in_chaos_v1:restless_spirit":1,"minecraft:spider":1,"born_in_chaos_v1:maggot":3,"aquaculture:catfish":1,"minecraft:skeleton":8,"alexsmobs:bison":1,"born_in_chaos_v1:spiritof_chaos":1,"born_in_chaos_v1:decrepit_skeleton":1,"minecraft:sheep":2,"minecraft:zombie":9,"born_in_chaos_v1:dread_hound":2,"born_in_chaos_v1:corpse_fly":1,"born_in_chaos_v1:door_knight":1,"minecraft:cow":4},"minecraft:dropped":{"farmersdelight:tomato_seeds":4,"minecraft:enchanted_book":1,"minecraft:blue_stained_glass_pane":1,"iceandfire:raw_silver":1,"minecraft:wheat_seeds":2,"minecraft:diamond":1,"iceandfire:chared_dirt":1,"minecraft:feather":6,"minecraft:spruce_stairs":2,"born_in_chaos_v1:monster_flesh":1,"minecraft:dirt":2,"minecraft:smooth_quartz":8,"tombstone:grave_dust":4,"minecraft:chain":1,"minecraft:gilded_blackstone":1,"minecraft:string":3,"minecraft:bone":6,"minecraft:gravel":1,"minecraft:lever":1,"minecraft:iron_nugget":12,"minecraft:coarse_dirt":1,"minecraft:stone_sword":1,"minecraft:chiseled_quartz_block":2,"minecraft:rotten_flesh":13,"minecraft:light_gray_concrete":6,"minecraft:white_bed":1,"biomesoplenty:glowing_moss_block":1,"biomesoplenty:fir_planks":3,"minecraft:spruce_planks":4,"minecraft:melon_seeds":1,"minecraft:wooden_pickaxe":1,"minecraft:stone_pickaxe":1,"minecraft:quartz":12},"minecraft:custom":{"minecraft:mob_kills":39,"minecraft:interact_with_crafting_table":22,"minecraft:damage_dealt_resisted":565,"minecraft:leave_game":3,"minecraft:time_since_death":522,"minecraft:climb_one_cm":19574,"minecraft:sprint_one_cm":63207,"minecraft:walk_one_cm":193995,"minecraft:damage_blocked_by_shield":20,"minecraft:drop":39,"minecraft:play_time":64592,"minecraft:deaths":3,"minecraft:sneak_time":5265,"minecraft:walk_under_water_one_cm":46036,"minecraft:boat_one_cm":125462,"minecraft:jump":1152,"minecraft:walk_on_water_one_cm":17786,"minecraft:total_world_time":64592,"minecraft:interact_with_furnace":8,"minecraft:sleep_in_bed":1,"minecraft:time_since_rest":1,"minecraft:damage_taken":1383,"minecraft:damage_dealt":7011,"minecraft:swim_one_cm":41403,"minecraft:fly_one_cm":165866,"minecraft:open_chest":22,"minecraft:crouch_one_cm":13646,"tombstone:undead_killed":20,"minecraft:fall_one_cm":17291,"minecraft:inspect_dispenser":3},"minecraft:crafted":{"minecraft:oak_planks":12,"minecraft:furnace":1,"minecraft:stone_pickaxe":1,"iceandfire:silver_axe":1,"iceandfire:silver_ingot":5,"minecraft:crafting_table":3,"minecraft:spruce_planks":4,"minecraft:wooden_pickaxe":1,"minecraft:air":0,"biomesoplenty:fir_planks":16,"minecraft:iron_chestplate":1,"minecraft:stick":8,"minecraft:iron_ingot":3,"minecraft:iron_pickaxe":1,"minecraft:stone_sword":1,"iceandfire:silver_sword":1}},"DataVersion":3465}