{"stats":{"minecraft:picked_up":{"minecraft:crafting_table":1,"minecraft:redstone_block":1,"minecraft:leather":4,"minecraft:chiseled_quartz_block":2,"minecraft:potato":5,"minecraft:filled_map":1,"biomesoplenty:fir_log":4,"minecraft:gilded_blackstone":1,"minecraft:oak_log":2,"minecraft:shield":1,"minecraft:string":3,"minecraft:bone":5,"minecraft:iron_ingot":1,"minecraft:beef":10,"tombstone:bag_of_seeds":1,"minecraft:smooth_quartz":8,"minecraft:stick":2,"tombstone:grave_dust":4,"minecraft:white_bed":1,"minecraft:spruce_log":1,"minecraft:redstone":1,"biomesoplenty:glowing_moss_block":1,"minecraft:spider_eye":1,"minecraft:light_gray_concrete":6,"minecraft:arrow":9,"minecraft:rotten_flesh":7,"minecraft:lever":1,"knightquest:small_essence":1,"tombstone:magic_scroll":1,"minecraft:mutton":4,"minecraft:skeleton_skull":1,"iceandfire:raw_silver":5,"minecraft:cobblestone":14},"minecraft:mined":{"biomesoplenty:glowing_moss_block":1,"minecraft:redstone_block":1,"iceandfire:silver_ore":5,"minecraft:chiseled_quartz_block":2,"minecraft:crafting_table":1,"minecraft:gilded_blackstone":1,"minecraft:spawner":4,"biomesoplenty:fir_log":4,"minecraft:grass":1,"minecraft:oak_log":2,"biomesoplenty:fir_leaves":8,"minecraft:smooth_quartz":9,"minecraft:light_gray_concrete":6,"minecraft:stone":14,"minecraft:fern":1,"farmersdelight:wild_potatoes":6,"minecraft:oak_leaves":6,"minecraft:tripwire":1},"minecraft:used":{"minecraft:stone_sword":117,"minecraft:stone_pickaxe":25,"minecraft:wooden_pickaxe":12,"minecraft:stone":64,"minecraft:mutton":4,"minecraft:crafting_table":3,"minecraft:redstone_torch":2,"tombstone:bag_of_seeds":2,"minecraft:iron_pickaxe":12,"minecraft:cobblestone":1,"minecraft:beef":8,"minecraft:furnace":1,"alexsmobs:animal_dictionary":1,"minecraft:potato":8},"minecraft:killed":{"born_in_chaos_v1:zombie_lumberjack":1,"minecraft:spider":1,"born_in_chaos_v1:decrepit_skeleton":1,"minecraft:sheep":2,"minecraft:skeleton":7,"minecraft:zombie":6,"minecraft:cow":4},"minecraft:dropped":{"farmersdelight:tomato_seeds":4,"minecraft:iron_nugget":3,"minecraft:chiseled_quartz_block":2,"minecraft:rotten_flesh":7,"minecraft:light_gray_concrete":6,"minecraft:white_bed":1,"biomesoplenty:fir_planks":3,"minecraft:melon_seeds":1,"minecraft:gilded_blackstone":1,"minecraft:stone_pickaxe":1,"minecraft:wooden_pickaxe":1,"minecraft:string":1,"minecraft:bone":4},"minecraft:custom":{"minecraft:interact_with_furnace":2,"minecraft:mob_kills":22,"minecraft:interact_with_crafting_table":15,"minecraft:leave_game":1,"minecraft:time_since_death":29414,"minecraft:climb_one_cm":19574,"minecraft:time_since_rest":29414,"minecraft:sprint_one_cm":31742,"minecraft:damage_taken":314,"minecraft:walk_one_cm":110212,"minecraft:drop":13,"minecraft:damage_dealt":4439,"minecraft:swim_one_cm":4988,"minecraft:fly_one_cm":60454,"minecraft:open_chest":10,"minecraft:crouch_one_cm":11816,"minecraft:play_time":29414,"tombstone:undead_killed":15,"minecraft:sneak_time":4241,"minecraft:walk_under_water_one_cm":2894,"minecraft:jump":557,"minecraft:walk_on_water_one_cm":4071,"minecraft:total_world_time":29414,"minecraft:inspect_dispenser":3,"minecraft:fall_one_cm":8017},"minecraft:crafted":{"minecraft:oak_planks":8,"minecraft:crafting_table":3,"minecraft:wooden_pickaxe":1,"minecraft:furnace":1,"biomesoplenty:fir_planks":16,"minecraft:stick":8,"minecraft:iron_ingot":3,"minecraft:iron_pickaxe":1,"minecraft:stone_pickaxe":1,"minecraft:stone_sword":1}},"DataVersion":3465}