{"stats":{"minecraft:killed":{"born_in_chaos_v1:restless_spirit":1,"minecraft:spider":1,"born_in_chaos_v1:zombie_bruiser":1,"born_in_chaos_v1:maggot":6,"creeperoverhaul:bamboo_creeper":2,"minecraft:skeleton":10,"born_in_chaos_v1:diamond_termite":2,"minecraft:zombie":7,"born_in_chaos_v1:corpse_fly":4},"minecraft:mined":{"minecraft:tuff":1,"iceandfire:silver_ore":1,"minecraft:deepslate_diamond_ore":3,"minecraft:grass_block":7,"farmersdelight:wild_cabbages":1,"minecraft:iron_ore":8,"minecraft:deepslate_iron_ore":26,"crittersandcompanions:silk_cocoon":2,"minecraft:stone":68,"minecraft:crafting_table":3,"born_in_chaos_v1:infected_deepslate_diamond_ore":1,"minecraft:torch":2,"minecraft:blast_furnace":1,"minecraft:melon":14,"minecraft:copper_ore":1,"minecraft:deepslate_gold_ore":35,"minecraft:oak_planks":3,"minecraft:diorite":3,"minecraft:wall_torch":1,"farmersdelight:sandy_shrub":1,"minecraft:birch_leaves":1,"minecraft:grass":9,"minecraft:coal_ore":8,"minecraft:oak_log":10,"minecraft:dirt":7,"minecraft:sand":5,"minecraft:chipped_anvil":1,"create:crimsite":6,"minecraft:oak_leaves":1,"minecraft:deepslate":38,"minecraft:fern":11},"minecraft:crafted":{"minecraft:oak_planks":44,"minecraft:furnace":5,"minecraft:iron_boots":1,"minecraft:iron_axe":1,"minecraft:stone_pickaxe":1,"minecraft:crafting_table":1,"minecraft:wooden_pickaxe":1,"minecraft:iron_sword":1,"minecraft:stone_axe":1,"farmersdelight:skillet":1,"minecraft:air":0,"minecraft:iron_chestplate":1,"minecraft:diamond_pickaxe":1,"minecraft:shield":1,"minecraft:stick":8,"minecraft:iron_pickaxe":1,"minecraft:iron_ingot":40,"minecraft:stone_sword":1,"minecraft:iron_leggings":1,"minecraft:torch":8},"minecraft:broken":{"minecraft:leather_chestplate":1},"minecraft:used":{"minecraft:stone_sword":29,"minecraft:tropical_fish":1,"minecraft:shield":28,"minecraft:torch":79,"minecraft:dirt":6,"artifacts:onion_ring":1,"minecraft:tuff":1,"farmersdelight:rope":4,"minecraft:lava_bucket":23,"minecraft:iron_axe":9,"minecraft:furnace":5,"minecraft:cobbled_deepslate":42,"minecraft:water_bucket":26,"minecraft:diorite":3,"farmersdelight:skillet":59,"minecraft:stone_pickaxe":19,"minecraft:oak_planks":16,"minecraft:wooden_pickaxe":5,"minecraft:salmon":19,"minecraft:glow_berries":23,"minecraft:sand":9,"tombstone:scroll_of_feather_fall":1,"minecraft:crafting_table":5,"minecraft:cod":21,"tombstone:tablet_of_home":1,"minecraft:diamond_pickaxe":49,"minecraft:melon_slice":34,"minecraft:bread":22,"minecraft:iron_pickaxe":133,"minecraft:stone_axe":6,"minecraft:cobblestone":4,"minecraft:bucket":49,"alexsmobs:animal_dictionary":6},"minecraft:picked_up":{"minecraft:crafting_table":3,"born_in_chaos_v1:diamond_termite_shard":1,"minecraft:wooden_pickaxe":1,"tombstone:grave_key":1,"minecraft:raw_copper":4,"minecraft:cobbled_deepslate":42,"minecraft:melon_slice":72,"farmersdelight:cabbage_seeds":1,"minecraft:raw_iron":34,"minecraft:stick":5,"minecraft:torch":5,"tombstone:grave_dust":1,"minecraft:diorite":3,"born_in_chaos_v1:pieceofdarkmetal":3,"minecraft:stone_sword":1,"minecraft:arrow":5,"minecraft:rotten_flesh":12,"minecraft:beetroot_seeds":1,"crittersandcompanions:silk":3,"minecraft:skeleton_skull":1,"minecraft:cobblestone":67,"born_in_chaos_v1:corpse_maggot":6,"minecraft:leather_chestplate":2,"born_in_chaos_v1:monster_flesh":1,"minecraft:tuff":1,"minecraft:oak_log":11,"minecraft:dirt":15,"tombstone:gift":1,"minecraft:bone":5,"minecraft:chipped_anvil":1,"minecraft:wheat_seeds":2,"minecraft:raw_gold":36,"minecraft:bamboo":2,"minecraft:oak_planks":4,"minecraft:sand":9,"minecraft:blast_furnace":1,"minecraft:spider_eye":3,"minecraft:bundle":1,"create:crimsite":5,"minecraft:diamond":3,"knightquest:small_essence":2,"minecraft:oak_sapling":4,"minecraft:coal":10,"iceandfire:raw_silver":1},"minecraft:custom":{"minecraft:mob_kills":37,"minecraft:interact_with_crafting_table":18,"minecraft:open_barrel":8,"minecraft:damage_dealt_resisted":111,"minecraft:leave_game":2,"minecraft:time_since_death":26331,"minecraft:climb_one_cm":1795,"minecraft:sprint_one_cm":288446,"minecraft:walk_one_cm":194333,"minecraft:damage_blocked_by_shield":735,"minecraft:drop":45,"minecraft:damage_dealt_absorbed":12,"minecraft:play_time":97135,"minecraft:deaths":2,"minecraft:sneak_time":3111,"minecraft:walk_under_water_one_cm":16894,"minecraft:jump":2427,"minecraft:interact_with_blast_furnace":1,"minecraft:walk_on_water_one_cm":20175,"minecraft:total_world_time":97135,"minecraft:interact_with_furnace":36,"minecraft:time_since_rest":23932,"minecraft:damage_taken":2220,"minecraft:damage_dealt":6268,"tombstone:cast_on_ally":0,"minecraft:swim_one_cm":79391,"minecraft:fly_one_cm":445430,"minecraft:open_chest":6,"minecraft:crouch_one_cm":8592,"tombstone:undead_killed":18,"minecraft:fall_one_cm":57186},"minecraft:dropped":{"minecraft:water_bucket":1,"minecraft:wheat_seeds":2,"minecraft:cobblestone":3,"minecraft:rail":1,"born_in_chaos_v1:monster_flesh":1,"minecraft:dirt":8,"tombstone:grave_key":1,"tombstone:grave_dust":1,"minecraft:stone_axe":2,"minecraft:stone_sword":3,"alexsmobs:animal_dictionary":1,"minecraft:raw_copper":4,"tombstone:gift":2,"farmersdelight:cabbage_seeds":1,"minecraft:rotten_flesh":12,"minecraft:leather_chestplate":1,"minecraft:skeleton_skull":1,"minecraft:beetroot_seeds":2,"born_in_chaos_v1:corpse_maggot":10,"minecraft:oak_sapling":4,"born_in_chaos_v1:diamond_termite_shard":1,"minecraft:bamboo":2,"minecraft:spider_eye":3,"knightquest:small_essence":2,"minecraft:arrow":2,"minecraft:stone_pickaxe":2,"minecraft:wooden_pickaxe":2}},"DataVersion":3465}