{"stats":{"minecraft:killed_by":{"aquamirae:captain_cornelia":1},"minecraft:killed":{"creeperoverhaul:hills_creeper":1,"minecraft:vindicator":4,"aquamirae:maze_mother":2,"endermanoverhaul:dark_oak_enderman":1,"aquamirae:tortured_soul":2,"the_bumblezone:honey_slime":1,"endermanoverhaul:end_islands_enderman":1,"endermanoverhaul:crimson_forest_enderman":1,"endermanoverhaul:scarab":3,"minecraft:horse":1,"minecraft:skeleton":7,"endermanoverhaul:desert_enderman":1,"iceandfire:dread_knight":1,"iceandfire:fire_dragon":1,"minecraft:bee":10,"aquamirae:spinefish":2,"minecraft:chicken":1,"endermanoverhaul:badlands_enderman":1,"the_bumblezone:variant_bee":1,"minecraft:pig":3,"aquamirae:maw":2,"minecraft:iron_golem":2,"aquamirae:captain_cornelia":1,"endermanoverhaul:end_enderman":2,"minecraft:creeper":1,"minecraft:sheep":2,"minecraft:pillager":8,"minecraft:zombie":7,"endermanoverhaul:cave_enderman":1,"iceandfire:dread_horse":1,"iceandfire:ghost":3,"aquamirae:anglerfish":2,"the_bumblezone:bee_queen":2,"aquamirae:eel":1,"iceandfire:ice_dragon":1,"iceandfire:lightning_dragon":1,"minecraft:cow":3},"minecraft:picked_up":{"the_bumblezone:porous_honeycomb_block":5,"iceandfire:dragon_skull_lightning":1,"aquamirae:coral_lance":1,"aquamirae:golden_moth_spawn_egg":1,"minecraft:string":2,"aquamirae:sharp_bones":68,"the_bumblezone:empty_honeycomb_brood_block":6,"minecraft:gold_nugget":22,"minecraft:beef":7,"iceandfire:dread_shard":1,"minecraft:cobblestone_slab":1,"minecraft:poppy":1,"minecraft:raw_iron":3,"aquamirae:frozen_key":2,"iceandfire:dragonbone":21,"minecraft:stone":4,"minecraft:porkchop":10,"iceandfire:lightning_dragon_flesh":4,"minecraft:honeycomb_block":35,"aquamirae:esca":4,"minecraft:prismarine_crystals":44,"the_bumblezone:bee_stinger":4,"minecraft:arrow":8,"minecraft:rotten_flesh":7,"iceandfire:fire_dragon_heart":1,"aquamirae:treasure_pouch":4,"minecraft:mutton":4,"minecraft:white_wool":2,"minecraft:cobblestone":23,"iceandfire:dragonscales_black":57,"endermanoverhaul:corrupted_pearl":1,"minecraft:leather":8,"aquamirae:spinefish":11,"minecraft:filled_map":1,"minecraft:crimson_fungus":1,"minecraft:oak_log":1,"aquamirae:abyssal_amethyst":1,"minecraft:gunpowder":4,"minecraft:dirt":18,"iceandfire:dragonscales_bronze":17,"aquamirae:fin":22,"minecraft:bone":14,"minecraft:wheat_seeds":5,"minecraft:iron_ingot":8,"the_bumblezone:bee_bread":3,"iceandfire:fire_dragon_flesh":3,"minecraft:honeycomb":8,"the_bumblezone:beehive_beeswax":7,"aquamirae:ship_graveyard_echo":6,"aquamirae:oxygen_tank":1,"iceandfire:dragon_skull_fire":1,"iceandfire:lightning_dragon_heart":1,"minecraft:dark_oak_log":3,"aquamirae:poisoned_blade":1,"endermanoverhaul:crimson_pearl":1,"minecraft:honey_block":3,"minecraft:crossbow":2,"minecraft:emerald":2,"minecraft:coal":2,"minecraft:ender_pearl":4},"minecraft:mined":{"the_bumblezone:beehive_beeswax":7,"minecraft:grass_block":6,"the_bumblezone:filled_porous_honeycomb_block":2,"minecraft:fire":5,"the_bumblezone:honeycomb_brood_block":6,"iceandfire:gold_pile":3,"minecraft:stone":23,"minecraft:honey_block":3,"minecraft:tall_grass":1,"minecraft:honeycomb_block":36,"the_bumblezone:porous_honeycomb_block":3,"minecraft:grass":4},"minecraft:custom":{"minecraft:mob_kills":87,"minecraft:leave_game":6,"minecraft:time_since_death":16857,"minecraft:damage_resisted":793,"minecraft:sprint_one_cm":64905,"minecraft:walk_one_cm":145458,"minecraft:damage_blocked_by_shield":1625,"minecraft:drop":10,"minecraft:damage_dealt_absorbed":220,"minecraft:play_time":69185,"minecraft:deaths":1,"minecraft:sneak_time":1729,"minecraft:walk_under_water_one_cm":52039,"minecraft:jump":779,"minecraft:walk_on_water_one_cm":27885,"minecraft:total_world_time":69185,"minecraft:time_since_rest":16882,"minecraft:damage_taken":3954,"minecraft:damage_absorbed":1968,"minecraft:trigger_trapped_chest":3,"minecraft:damage_dealt":36885,"minecraft:swim_one_cm":10620,"minecraft:fly_one_cm":730183,"minecraft:open_chest":17,"minecraft:crouch_one_cm":1664,"minecraft:aviate_one_cm":222040,"minecraft:fall_one_cm":19454},"minecraft:used":{"crittersandcompanions:dumbo_octopus_spawn_egg":1,"iceandfire:dragonsteel_lightning_pickaxe":56,"crittersandcompanions:ferret_spawn_egg":2,"minecraft:elytra":1,"minecraft:shield":11,"minecraft:stone":11,"crittersandcompanions:red_panda_spawn_egg":1,"minecraft:dirt":12,"aquamirae:spinefish_spawn_egg":3,"the_bumblezone:porous_honeycomb_block":3,"minecraft:bee_nest":1,"aquamirae:captain_cornelia_spawn_egg":1,"creeperoverhaul:snowy_creeper_spawn_egg":1,"aquamirae:coral_lance":158,"endermanoverhaul:badlands_enderman_spawn_egg":1,"crittersandcompanions:shima_enaga_spawn_egg":1,"endermanoverhaul:end_enderman_spawn_egg":2,"endermanoverhaul:end_islands_enderman_spawn_egg":1,"minecraft:golden_carrot":21,"iceandfire:spawn_egg_lightning_dragon":1,"crittersandcompanions:jumping_spider_spawn_egg":1,"minecraft:cooked_beef":2,"iceandfire:spawn_egg_dread_horse":1,"minecraft:enchanted_golden_apple":13,"crittersandcompanions:koi_fish_spawn_egg":1,"endermanoverhaul:corrupted_shield":28,"aquamirae:maw_spawn_egg":2,"endermanoverhaul:crimson_forest_enderman_spawn_egg":1,"endermanoverhaul:cave_enderman_spawn_egg":1,"aquamirae:eel_spawn_egg":2,"creeperoverhaul:tiny_cactus":3,"iceandfire:troll_weapon_axe":51,"iceandfire:dragon_skull_lightning":1,"minecraft:cobblestone_slab":30,"endermanoverhaul:crimson_pearl":2,"endermanoverhaul:dark_oak_enderman_spawn_egg":1,"aquamirae:tortured_soul_spawn_egg":2,"minecraft:crossbow":1,"iceandfire:spawn_egg_dread_beast":1,"aquamirae:pillagers_patrol_spawn_egg":4,"minecraft:diamond_pickaxe":23,"crittersandcompanions:dragonfly_spawn_egg":1,"minecraft:firework_rocket":6,"iceandfire:lightning_dragon_flesh":1,"iceandfire:dragonbone_bow":4,"endermanoverhaul:desert_enderman_spawn_egg":1,"endermanoverhaul:snowy_hood":1,"aquamirae:anglerfish_spawn_egg":2,"aquamirae:maze_mother_spawn_egg":2,"minecraft:diamond_sword":75,"minecraft:cobblestone":22,"iceandfire:spawn_egg_dread_knight":1,"endermanoverhaul:corrupted_pearl":1,"the_bumblezone:bee_queen_spawn_egg":2,"crittersandcompanions:sea_bunny_spawn_egg":1,"the_bumblezone:heavy_air":6},"minecraft:dropped":{"minecraft:crossbow":1,"minecraft:iron_helmet":1,"aquamirae:frozen_key":1,"minecraft:white_wool":1,"minecraft:cobblestone_slab":1,"minecraft:stone":4,"minecraft:jungle_log":64}},"DataVersion":3465}