{"stats":{"minecraft:mined":{"minecraft:dark_oak_planks":3,"minecraft:white_bed":2,"iceandfire:silver_ore":6,"minecraft:cobblestone_stairs":8,"minecraft:red_nether_bricks":1,"minecraft:ladder":2,"minecraft:black_banner":2,"minecraft:white_stained_glass":3,"iceandfire:chared_dirt":4,"minecraft:spawner":7,"minecraft:gilded_blackstone":1,"minecraft:tall_seagrass":1,"minecraft:hay_block":2,"minecraft:waxed_oxidized_cut_copper":1,"minecraft:dark_oak_trapdoor":1,"minecraft:iron_ore":14,"minecraft:fire":2,"minecraft:andesite":8,"minecraft:bookshelf":37,"minecraft:iron_bars":2,"minecraft:light_gray_concrete":7,"biomesoplenty:barley":1,"minecraft:smooth_quartz_stairs":1,"minecraft:stripped_mangrove_wood":11,"minecraft:stone":52,"minecraft:tripwire":1,"minecraft:player_head":1,"farmersdelight:wild_potatoes":6,"minecraft:mud_brick_slab":2,"minecraft:redstone_block":1,"minecraft:chiseled_quartz_block":2,"minecraft:crafting_table":5,"minecraft:blast_furnace":14,"minecraft:calcite":6,"minecraft:chest":2,"minecraft:tall_grass":1,"minecraft:cobblestone":43,"biomesoplenty:sprout":3,"minecraft:sugar_cane":3,"minecraft:diorite":6,"minecraft:spruce_stairs":2,"minecraft:seagrass":1,"minecraft:coarse_dirt":2,"minecraft:light_gray_stained_glass":3,"minecraft:sea_pickle":1,"biomesoplenty:pink_daffodil":1,"minecraft:birch_trapdoor":1,"biomesoplenty:maple_leaves":2,"minecraft:mangrove_planks":1,"biomesoplenty:fir_log":14,"minecraft:grass":7,"biomesoplenty:dead_log":2,"minecraft:coal_ore":15,"minecraft:oak_log":9,"biomesoplenty:fir_leaves":23,"minecraft:cyan_carpet":1,"minecraft:smooth_quartz":10,"minecraft:gravel":3,"minecraft:dirt":2,"minecraft:gray_carpet":1,"minecraft:red_nether_brick_slab":1,"minecraft:piston":13,"minecraft:oak_leaves":6,"minecraft:cyan_candle":1,"minecraft:redstone_lamp":22,"minecraft:fern":6,"iceandfire:chared_stone":1,"biomesoplenty:glowing_moss_block":1},"minecraft:killed_by":{"minecraft:player":2},"minecraft:used":{"iceandfire:silver_sword":176,"minecraft:stone_sword":122,"iceandfire:dragon_skull_ice":1,"minecraft:ladder":5,"minecraft:shield":3,"minecraft:stone":88,"aquaculture:bluegill":1,"minecraft:iron_chestplate":1,"minecraft:mutton":6,"minecraft:carrot":16,"mowziesmobs:wrought_helmet":1,"born_in_chaos_v1:corpse_maggot":3,"biomesoplenty:fir_sapling":1,"minecraft:iron_axe":35,"aquaculture:catfish":1,"minecraft:birch_trapdoor":1,"minecraft:redstone_lamp":25,"minecraft:bow":3,"minecraft:beef":16,"iceandfire:chared_stone":1,"minecraft:furnace":1,"minecraft:potato":8,"tombstone:gift":2,"minecraft:cooked_beef":1,"minecraft:iron_leggings":1,"immersive_armors:steampunk_boots":1,"minecraft:oak_planks":7,"minecraft:stone_pickaxe":32,"minecraft:cobblestone_stairs":6,"minecraft:mangrove_planks":26,"minecraft:cyan_candle":2,"minecraft:wooden_pickaxe":15,"biomesoplenty:fir_boat":8,"biomesoplenty:fir_planks":11,"iceandfire:chared_dirt":2,"minecraft:white_wool":2,"minecraft:crafting_table":10,"minecraft:black_banner":1,"minecraft:white_bed":2,"biomesoplenty:dead_planks":2,"iceandfire:silver_axe":10,"minecraft:cake":1,"tombstone:bag_of_seeds":2,"minecraft:redstone_torch":2,"minecraft:piston":22,"born_in_chaos_v1:monster_flesh":1,"biomesoplenty:pink_daffodil":1,"minecraft:iron_pickaxe":194,"minecraft:bread":10,"minecraft:golden_leggings":1,"minecraft:stone_axe":35,"minecraft:potion":1,"minecraft:cobblestone":38,"minecraft:andesite":8,"minecraft:oak_boat":1,"minecraft:pumpkin_pie":4,"alexsmobs:animal_dictionary":1,"minecraft:coarse_dirt":1},"minecraft:killed":{"aquaculture:bluegill":1,"born_in_chaos_v1:restless_spirit":2,"born_in_chaos_v1:zombie_lumberjack":1,"minecraft:spider":1,"born_in_chaos_v1:maggot":3,"aquaculture:catfish":1,"minecraft:skeleton":12,"alexsmobs:bison":1,"born_in_chaos_v1:spiritof_chaos":1,"minecraft:husk":5,"alexsmobs:seal":1,"endermanoverhaul:snowy_enderman":1,"born_in_chaos_v1:decrepit_skeleton":3,"minecraft:sheep":4,"minecraft:zombie":9,"sons_of_sins:betrayed_guzzler":1,"born_in_chaos_v1:dread_hound":2,"born_in_chaos_v1:corpse_fly":1,"iceandfire:pixie":1,"born_in_chaos_v1:door_knight":2,"minecraft:cow":5},"minecraft:picked_up":{"minecraft:mud_brick_slab":3,"minecraft:waxed_oxidized_cut_copper":1,"minecraft:coarse_dirt":2,"minecraft:crafting_table":5,"minecraft:redstone_block":1,"minecraft:ladder":5,"minecraft:green_stained_glass_pane":1,"aquaculture:catfish":1,"minecraft:redstone_lamp":22,"minecraft:wooden_pickaxe":1,"minecraft:potion":3,"minecraft:gilded_blackstone":1,"tombstone:grave_key":1,"minecraft:chain":1,"minecraft:shield":1,"minecraft:string":5,"minecraft:cyan_carpet":1,"minecraft:blue_stained_glass_pane":1,"minecraft:sea_pickle":3,"aquaculture:bluegill":1,"minecraft:beef":17,"minecraft:player_head":1,"minecraft:calcite":8,"minecraft:smooth_quartz":9,"minecraft:sugar_cane":8,"minecraft:chest":2,"minecraft:piston":11,"minecraft:iron_boots":1,"iceandfire:pixie_dust":2,"minecraft:raw_iron":14,"minecraft:stick":2,"minecraft:stripped_mangrove_wood":11,"iceandfire:dragonbone":26,"born_in_chaos_v1:shattered_skull":1,"minecraft:birch_trapdoor":1,"minecraft:spruce_stairs":2,"tombstone:grave_dust":11,"minecraft:diorite":8,"minecraft:redstone":34,"minecraft:dark_oak_planks":4,"iceandfire:dragon_skull_ice":3,"minecraft:arrow":51,"minecraft:rotten_flesh":26,"iceandfire:chared_dirt":3,"minecraft:hay_block":1,"minecraft:white_wool":2,"minecraft:black_banner":2,"minecraft:glow_berries":1,"minecraft:mutton":6,"minecraft:iron_bars":1,"minecraft:skeleton_skull":1,"minecraft:cobblestone":85,"born_in_chaos_v1:corpse_maggot":3,"born_in_chaos_v1:monster_flesh":2,"minecraft:feather":7,"minecraft:cooked_beef":1,"minecraft:andesite":9,"minecraft:leather":4,"minecraft:golden_leggings":1,"minecraft:potato":5,"minecraft:chiseled_quartz_block":2,"biomesoplenty:dead_log":2,"biomesoplenty:fir_sapling":1,"minecraft:filled_map":2,"biomesoplenty:fir_log":14,"exposure:aged_photograph":1,"minecraft:oak_log":10,"minecraft:cobblestone_stairs":7,"endermanoverhaul:icy_pearl":1,"minecraft:dirt":2,"minecraft:paper":13,"minecraft:bone":10,"minecraft:gray_carpet":1,"minecraft:bow":1,"minecraft:wheat_seeds":6,"biomesoplenty:fir_boat":10,"minecraft:iron_ingot":4,"tombstone:bag_of_seeds":1,"minecraft:cyan_candle":2,"minecraft:mangrove_planks":1,"biomesoplenty:toadstool":2,"minecraft:dark_oak_stairs":1,"minecraft:book":111,"iceandfire:chared_stone":1,"born_in_chaos_v1:ethereal_spirit":1,"minecraft:gravel":1,"exposure:developed_black_and_white_film":1,"mowziesmobs:wrought_helmet":2,"minecraft:spruce_log":1,"minecraft:blast_furnace":14,"minecraft:white_bed":3,"minecraft:grass_block":1,"biomesoplenty:glowing_moss_block":1,"minecraft:spider_eye":1,"sons_of_sins:flesh_of_demise":1,"minecraft:light_gray_concrete":7,"iceandfire:silver_sword":2,"minecraft:lever":1,"knightquest:small_essence":4,"minecraft:red_nether_brick_slab":1,"biomesoplenty:pink_daffodil":1,"tombstone:magic_scroll":1,"minecraft:coal":15,"iceandfire:raw_silver":6},"minecraft:dropped":{"farmersdelight:tomato_seeds":4,"minecraft:enchanted_book":1,"minecraft:iron_ingot":3,"minecraft:blue_stained_glass_pane":1,"iceandfire:raw_silver":1,"minecraft:dark_oak_stairs":1,"minecraft:wheat_seeds":6,"minecraft:lapis_lazuli":7,"minecraft:mud_brick_slab":3,"minecraft:glass_bottle":1,"minecraft:diamond":1,"minecraft:crafting_table":1,"minecraft:red_nether_brick_slab":1,"iceandfire:chared_dirt":1,"minecraft:feather":7,"minecraft:cobblestone":3,"minecraft:glow_berries":1,"minecraft:mangrove_planks":11,"minecraft:spruce_stairs":2,"minecraft:grass_block":1,"minecraft:coal":13,"minecraft:stick":2,"minecraft:cobblestone_stairs":1,"born_in_chaos_v1:monster_flesh":1,"minecraft:dirt":2,"minecraft:diorite":8,"tombstone:grave_key":2,"minecraft:smooth_quartz":8,"tombstone:grave_dust":12,"minecraft:potion":2,"minecraft:chain":1,"minecraft:gilded_blackstone":1,"minecraft:pumpkin_pie":4,"sons_of_sins:flesh_of_demise":1,"minecraft:dark_oak_planks":4,"minecraft:string":5,"minecraft:green_stained_glass_pane":1,"minecraft:gray_carpet":1,"minecraft:cyan_carpet":1,"minecraft:bone":10,"minecraft:gravel":1,"biomesoplenty:toadstool":2,"minecraft:stone_axe":1,"minecraft:lever":1,"minecraft:iron_nugget":12,"minecraft:chiseled_quartz_block":2,"minecraft:coarse_dirt":1,"minecraft:stone_sword":1,"minecraft:wheat":15,"tombstone:gift":1,"minecraft:rotten_flesh":26,"minecraft:light_gray_concrete":6,"minecraft:white_bed":1,"biomesoplenty:glowing_moss_block":1,"iceandfire:pixie_dust":2,"biomesoplenty:fir_planks":8,"minecraft:sea_pickle":3,"minecraft:spruce_planks":4,"minecraft:oak_boat":1,"minecraft:andesite":1,"minecraft:melon_seeds":1,"minecraft:chest":2,"minecraft:waxed_oxidized_cut_copper":1,"minecraft:beef":1,"minecraft:iron_bars":1,"minecraft:stone_pickaxe":2,"minecraft:wooden_pickaxe":3,"minecraft:calcite":8,"minecraft:quartz":12},"minecraft:crafted":{"minecraft:oak_planks":40,"minecraft:furnace":1,"minecraft:piston":2,"minecraft:iron_axe":1,"minecraft:stone_pickaxe":2,"minecraft:wheat":9,"iceandfire:silver_axe":1,"biomesoplenty:dead_planks":8,"biomesoplenty:fir_boat":1,"iceandfire:silver_ingot":5,"minecraft:crafting_table":8,"minecraft:spruce_planks":4,"minecraft:wooden_pickaxe":2,"immersive_armors:steampunk_boots":1,"minecraft:mangrove_planks":44,"minecraft:stone_axe":1,"minecraft:air":0,"biomesoplenty:fir_planks":56,"minecraft:oak_boat":2,"minecraft:iron_chestplate":1,"minecraft:shield":2,"minecraft:stick":24,"minecraft:iron_ingot":3,"minecraft:iron_pickaxe":2,"minecraft:stone_sword":1,"minecraft:iron_leggings":1,"iceandfire:silver_sword":1},"minecraft:broken":{"minecraft:golden_leggings":1},"minecraft:custom":{"minecraft:mob_kills":63,"minecraft:interact_with_crafting_table":36,"minecraft:open_barrel":26,"minecraft:damage_dealt_resisted":678,"minecraft:eat_cake_slice":7,"minecraft:leave_game":11,"minecraft:time_since_death":32889,"minecraft:climb_one_cm":41918,"minecraft:sprint_one_cm":274734,"minecraft:walk_one_cm":555159,"minecraft:damage_blocked_by_shield":110,"minecraft:drop":107,"minecraft:play_time":206752,"minecraft:deaths":11,"minecraft:sneak_time":8559,"minecraft:walk_under_water_one_cm":62622,"minecraft:boat_one_cm":293873,"minecraft:jump":3365,"minecraft:interact_with_blast_furnace":2,"minecraft:walk_on_water_one_cm":54976,"minecraft:total_world_time":206752,"minecraft:interact_with_furnace":9,"minecraft:interact_with_cartography_table":1,"minecraft:sleep_in_bed":2,"minecraft:time_since_rest":30490,"minecraft:damage_taken":5312,"minecraft:damage_dealt":13644,"minecraft:swim_one_cm":156961,"minecraft:fly_one_cm":614077,"minecraft:open_chest":40,"minecraft:crouch_one_cm":22920,"tombstone:undead_killed":32,"minecraft:inspect_dispenser":3,"minecraft:fall_one_cm":81913}},"DataVersion":3465}