{"stats":{"minecraft:killed_by":{"iceandfire:gorgon":1},"minecraft:mined":{"minecraft:grass":1,"minecraft:grass_block":2},"minecraft:custom":{"minecraft:jump":168,"minecraft:time_since_rest":3060,"minecraft:walk_on_water_one_cm":6,"minecraft:damage_taken":2147483647,"minecraft:leave_game":2,"minecraft:play_time":7241,"minecraft:sprint_one_cm":18979,"minecraft:time_since_death":5459,"minecraft:walk_one_cm":8407,"minecraft:deaths":1,"minecraft:sneak_time":40,"minecraft:total_world_time":7241,"minecraft:climb_one_cm":606,"minecraft:fall_one_cm":4629,"minecraft:fly_one_cm":80139},"minecraft:picked_up":{"minecraft:dirt":2},"minecraft:used":{"alexsmobs:animal_dictionary":1,"minecraft:dirt":2}},"DataVersion":3465}