{"stats":{"minecraft:killed":{"creeperoverhaul:hills_creeper":1,"minecraft:pig":3,"minecraft:iron_golem":2,"minecraft:creeper":1,"minecraft:sheep":2,"minecraft:horse":1,"minecraft:skeleton":7,"iceandfire:dread_knight":1,"minecraft:zombie":6,"iceandfire:dread_horse":1,"iceandfire:fire_dragon":1,"iceandfire:ghost":3,"minecraft:chicken":1,"iceandfire:lightning_dragon":1,"minecraft:cow":3},"minecraft:picked_up":{"iceandfire:dragon_skull_lightning":1,"iceandfire:dragonscales_black":57,"minecraft:leather":8,"minecraft:gunpowder":4,"minecraft:dirt":18,"iceandfire:dragonscales_bronze":17,"minecraft:bone":10,"minecraft:wheat_seeds":5,"minecraft:gold_nugget":22,"minecraft:beef":7,"minecraft:iron_ingot":8,"iceandfire:dread_shard":1,"minecraft:cobblestone_slab":1,"minecraft:poppy":1,"iceandfire:fire_dragon_flesh":3,"iceandfire:dragonbone":21,"minecraft:stone":4,"iceandfire:dragon_skull_fire":1,"iceandfire:lightning_dragon_flesh":4,"minecraft:porkchop":10,"iceandfire:lightning_dragon_heart":1,"minecraft:arrow":8,"minecraft:rotten_flesh":4,"iceandfire:fire_dragon_heart":1,"minecraft:mutton":4,"minecraft:white_wool":2,"minecraft:cobblestone":23},"minecraft:mined":{"minecraft:grass_block":6,"minecraft:tall_grass":1,"minecraft:grass":4,"iceandfire:gold_pile":3,"minecraft:stone":23},"minecraft:custom":{"minecraft:mob_kills":34,"minecraft:leave_game":3,"minecraft:time_since_death":46401,"minecraft:damage_resisted":552,"minecraft:time_since_rest":46401,"minecraft:walk_one_cm":82016,"minecraft:sprint_one_cm":48385,"minecraft:damage_taken":1372,"minecraft:damage_absorbed":1368,"minecraft:damage_blocked_by_shield":1060,"minecraft:trigger_trapped_chest":3,"minecraft:drop":7,"minecraft:damage_dealt":13359,"minecraft:swim_one_cm":3939,"minecraft:fly_one_cm":519423,"minecraft:open_chest":14,"minecraft:crouch_one_cm":1044,"minecraft:play_time":46401,"minecraft:sneak_time":768,"minecraft:walk_under_water_one_cm":2386,"minecraft:aviate_one_cm":222040,"minecraft:jump":409,"minecraft:walk_on_water_one_cm":2181,"minecraft:total_world_time":46401,"minecraft:fall_one_cm":10404},"minecraft:used":{"crittersandcompanions:koi_fish_spawn_egg":1,"crittersandcompanions:dumbo_octopus_spawn_egg":1,"endermanoverhaul:corrupted_shield":2,"crittersandcompanions:ferret_spawn_egg":2,"minecraft:elytra":1,"minecraft:shield":11,"minecraft:stone":11,"iceandfire:troll_weapon_axe":51,"minecraft:cobblestone_slab":30,"iceandfire:dragon_skull_lightning":1,"crittersandcompanions:red_panda_spawn_egg":1,"minecraft:dirt":12,"iceandfire:spawn_egg_dread_beast":1,"aquamirae:coral_lance":7,"minecraft:diamond_pickaxe":23,"crittersandcompanions:dragonfly_spawn_egg":1,"minecraft:firework_rocket":6,"iceandfire:lightning_dragon_flesh":1,"endermanoverhaul:snowy_hood":1,"crittersandcompanions:shima_enaga_spawn_egg":1,"minecraft:diamond_sword":75,"minecraft:cobblestone":22,"minecraft:golden_carrot":3,"iceandfire:spawn_egg_lightning_dragon":1,"iceandfire:spawn_egg_dread_knight":1,"crittersandcompanions:jumping_spider_spawn_egg":1,"minecraft:cooked_beef":2,"iceandfire:spawn_egg_dread_horse":1,"minecraft:enchanted_golden_apple":9,"crittersandcompanions:sea_bunny_spawn_egg":1},"minecraft:dropped":{"minecraft:cobblestone_slab":1,"minecraft:stone":4,"minecraft:jungle_log":64,"minecraft:white_wool":1}},"DataVersion":3465}