{"stats":{"minecraft:used":{"minecraft:netherite_sword":10,"minecraft:mossy_stone_bricks":4,"mowziesmobs:umvuthana_spawn_egg":1,"creeperoverhaul:mushroom_creeper_spawn_egg":1,"create:crushing_wheel":1,"endermanoverhaul:soulsand_valley_enderman_spawn_egg":1,"aquamirae:maw_spawn_egg":9,"crittersandcompanions:ferret_spawn_egg":1,"iceandfire:spawn_egg_gorgon":1,"aquamirae:eel_spawn_egg":2,"minecraft:stone":1,"minecraft:zombie_spawn_egg":9,"creeperoverhaul:desert_creeper_spawn_egg":1,"aquamirae:fin_cutter":1,"sons_of_sins:gulber_spawn_egg":1,"creeperoverhaul:ocean_creeper_spawn_egg":1,"crittersandcompanions:red_panda_spawn_egg":1,"create:mechanical_saw":7,"mowziesmobs:umvuthana_crane_spawn_egg":1,"mowziesmobs:naga_spawn_egg":1,"mowziesmobs:umvuthana_raptor_spawn_egg":1,"bosses_of_mass_destruction:earthdive_spear":1,"minecraft:cracked_stone_bricks":6,"mowziesmobs:foliaath_spawn_egg":2,"endermanoverhaul:nether_wastes_enderman_spawn_egg":1,"minecraft:dirt":2,"minecraft:spyglass":9,"create:flywheel":1,"knightquest:uchigatana_katana":27,"born_in_chaos_v1:zombie_bruiser_spawn_egg":5,"mowziesmobs:wroughtnaut_spawn_egg":2,"mowziesmobs:frostmaw_spawn_egg":1,"knightquest:steel_axe":91,"mowziesmobs:lantern_spawn_egg":1,"aquamirae:tortured_soul_spawn_egg":1,"aquamirae:spinefish_spawn_egg":1,"endermanoverhaul:snowy_enderman_spawn_egg":1,"endermanoverhaul:swamp_enderman_spawn_egg":1,"create:schematicannon":3,"mowziesmobs:grottol_spawn_egg":1,"minecraft:crossbow":11,"sons_of_sins:devourer_spawn_egg":1,"bosses_of_mass_destruction:mob_ward":1,"stalwart_dungeons:tungsten_pickaxe":22,"minecraft:stone_brick_wall":5,"aquamirae:captain_cornelia_spawn_egg":5,"bosses_of_mass_destruction:soul_star":24,"tombstone:bag_of_seeds":2,"born_in_chaos_v1:supreme_measure":1,"minecraft:stone_brick_slab":2,"cataclysm:infernal_forge":7,"minecraft:light":3,"minecraft:diamond_pickaxe":6,"knightquest:cleaver_heavy_axe":17,"iceandfire:dragonbone_sword_fire":7,"create:gearbox":1,"born_in_chaos_v1:tombstone_petasi":1,"minecraft:barrier":21,"create:water_wheel":3,"aquamirae:anglerfish_spawn_egg":2,"mowziesmobs:umvuthi_spawn_egg":2,"create:large_water_wheel":4,"minecraft:stone_brick_stairs":1,"minecraft:stone_bricks":6,"securitycraft:mine":1,"sons_of_sins:butcher_spawn_egg":1,"endermanoverhaul:end_islands_enderman_spawn_egg":1,"minecraft:diamond_sword":4,"sons_of_sins:nibbler_spawn_egg":1,"minecraft:cobblestone":8,"minecraft:bow":38,"securitycraft:dirt_mine":57,"born_in_chaos_v1:tombstone_dark_titan_066":1,"born_in_chaos_v1:infernal_spirit_spawn_egg":1,"create:stressometer":1,"tombstone:gift":1,"crittersandcompanions:jumping_spider_spawn_egg":1,"alexsmobs:animal_dictionary":1,"minecraft:cooked_beef":3,"farmersdelight:honey_glazed_ham":4,"crittersandcompanions:sea_bunny_spawn_egg":1},"minecraft:picked_up":{"minecraft:charcoal":2,"mowziesmobs:lantern_spawn_egg":1,"minecraft:chainmail_boots":1,"minecraft:stone_brick_wall":5,"minecraft:stone_brick_stairs":1,"minecraft:gunpowder":2,"minecraft:dirt":10,"aquamirae:fin":9,"create:crushing_wheel":1,"minecraft:bone":1,"mowziesmobs:naga_spawn_egg":1,"minecraft:stone_bricks":6,"minecraft:cracked_stone_bricks":2,"bosses_of_mass_destruction:soul_star":8,"aquaculture:atlantic_herring":1,"minecraft:stick":1,"minecraft:stone_brick_slab":2,"sons_of_sins:ribs":1,"tombstone:grave_dust":1,"minecraft:arrow":4,"born_in_chaos_v1:fire_dust":1,"minecraft:crossbow":1,"minecraft:emerald":2,"iceandfire:gorgon_head":1,"minecraft:cobblestone":9},"minecraft:custom":{"minecraft:mob_kills":26,"tombstone:raider_killed":2,"minecraft:damage_dealt_resisted":1104,"minecraft:leave_game":3,"minecraft:time_since_death":37640,"minecraft:climb_one_cm":1560,"minecraft:time_since_rest":36524,"minecraft:sprint_one_cm":86049,"minecraft:damage_taken":2147483647,"minecraft:walk_one_cm":127568,"minecraft:drop":16,"minecraft:damage_dealt":12835,"minecraft:swim_one_cm":16066,"minecraft:fly_one_cm":926591,"minecraft:open_chest":9,"minecraft:crouch_one_cm":4269,"minecraft:play_time":93036,"tombstone:undead_killed":4,"minecraft:deaths":2,"minecraft:sneak_time":2497,"minecraft:walk_under_water_one_cm":11727,"minecraft:jump":904,"minecraft:walk_on_water_one_cm":11901,"minecraft:total_world_time":93036,"minecraft:fall_one_cm":18063},"minecraft:killed":{"aquamirae:maw":12,"iceandfire:gorgon":1,"minecraft:vindicator":1,"born_in_chaos_v1:infernal_spirit":1,"minecraft:skeleton":2,"minecraft:pillager":1,"aquamirae:anglerfish":3,"born_in_chaos_v1:door_knight":1,"aquamirae:golden_moth":1,"born_in_chaos_v1:firelight_not_despawn":1},"minecraft:killed_by":{"iceandfire:gorgon":1},"minecraft:mined":{"minecraft:stone_brick_slab":2,"minecraft:stone_brick_wall":6,"minecraft:grass_block":2,"minecraft:cobblestone":4,"biomesoplenty:sprout":1,"minecraft:spawner":1,"minecraft:ice":2,"minecraft:stone_brick_stairs":1,"minecraft:grass":1,"minecraft:packed_ice":2,"minecraft:cracked_stone_bricks":3,"minecraft:stone_bricks":6},"minecraft:dropped":{"minecraft:cooked_beef":32,"minecraft:bowl":3,"mowziesmobs:naga_spawn_egg":1,"mowziesmobs:lantern_spawn_egg":1,"aquamirae:fin":1,"tombstone:grave_key":1,"minecraft:chainmail_boots":1,"tombstone:grave_dust":1,"minecraft:arrow":1,"minecraft:bone":5}},"DataVersion":3465}