{"stats":{"minecraft:killed":{"knightquest:samhain":1,"endermanoverhaul:snowy_enderman":1,"depthcrawler:oceanicdeep":1,"born_in_chaos_v1:zombie_bruiser":1,"born_in_chaos_v1:bloody_gadfly":1,"depthcrawler:deep":1,"knightquest:bad_patch":1,"depthcrawler:electricdeep":1,"knightquest:gremlin":1,"depthcrawler:cavedeep":1},"minecraft:picked_up":{"minecraft:azure_bluet":1,"minecraft:allium":4,"born_in_chaos_v1:river_mint":3,"minecraft:potion":3,"depthcrawler:greenshard":2,"born_in_chaos_v1:black_argillite_button":1,"minecraft:dirt":2,"exposure:camera":2,"minecraft:wheat_seeds":3,"minecraft:flowering_azalea":1,"minecraft:dandelion":6,"minecraft:rotten_flesh":5,"depthcrawler:ancientdeep_spawn_egg":1,"knightquest:small_essence":2,"minecraft:snowball":2,"minecraft:crimson_roots":1,"minecraft:oxeye_daisy":1},"minecraft:dropped":{"exposure:camera":2,"depthcrawler:ancientdeep_spawn_egg":1,"minecraft:potion":3},"minecraft:mined":{"minecraft:flowering_azalea":2,"minecraft:grass_block":2,"minecraft:tall_grass":3,"bosses_of_mass_destruction:void_blossom":8,"minecraft:grass":5},"minecraft:custom":{"minecraft:mob_kills":11,"exposure:interact_with_lightroom":1,"exposure:film_frames_exposed":1,"minecraft:time_since_death":16492,"minecraft:climb_one_cm":5916,"minecraft:time_since_rest":16523,"minecraft:sprint_one_cm":93564,"minecraft:walk_one_cm":72363,"minecraft:damage_taken":1599,"minecraft:damage_absorbed":173,"minecraft:drop":6,"minecraft:damage_dealt":11721,"minecraft:swim_one_cm":7739,"minecraft:fly_one_cm":288030,"minecraft:crouch_one_cm":117,"minecraft:play_time":65470,"minecraft:deaths":1,"minecraft:sneak_time":1133,"minecraft:walk_under_water_one_cm":4376,"minecraft:boat_one_cm":70470,"minecraft:jump":589,"minecraft:walk_on_water_one_cm":5234,"minecraft:total_world_time":65470,"minecraft:fall_one_cm":11528},"minecraft:used":{"depthcrawler:electricdeep_spawn_egg":1,"exposure:camera":2,"crittersandcompanions:koi_fish_spawn_egg":1,"knightquest:gremlin_spawn_egg":2,"minecraft:water_bucket":3,"crittersandcompanions:dumbo_octopus_spawn_egg":1,"crittersandcompanions:ferret_spawn_egg":1,"minecraft:ladder":4,"aquaculture:neptunium_bow":15,"depthcrawler:oceanicdeep_spawn_egg":2,"knightquest:eldknight_spawn_egg":1,"biomesoplenty:magic_boat":1,"knightquest:bad_patch_spawn_egg":2,"bosses_of_mass_destruction:void_lily":1,"crittersandcompanions:red_panda_spawn_egg":1,"knightquest:paladin_sword":12,"minecraft:golden_apple":8,"minecraft:dirt":2,"crittersandcompanions:leaf_insect_spawn_egg":1,"crittersandcompanions:otter_spawn_egg":1,"knightquest:ghosty_spawn_egg":1,"endermanoverhaul:snowy_enderman_spawn_egg":2,"minecraft:jungle_planks":1,"minecraft:allium":4,"securitycraft:reinforced_ladder":11,"the_bumblezone:pile_of_pollen":10,"aquamirae:coral_lance":49,"knightquest:ghastling_spawn_egg":8,"minecraft:snowball":2,"minecraft:milk_bucket":2,"crittersandcompanions:dragonfly_spawn_egg":1,"born_in_chaos_v1:black_argillite_button":1,"knightquest:samhain_spawn_egg":3,"minecraft:grass_block":1,"minecraft:barrier":128,"minecraft:map":1,"biomesoplenty:brimstone_bricks":12,"exposure:lightroom":1,"crittersandcompanions:shima_enaga_spawn_egg":1,"depthcrawler:ancientdeep_spawn_egg":1,"knightquest:swampman_spawn_egg":1,"minecraft:diamond_sword":92,"minecraft:golden_carrot":5,"minecraft:potion":1,"knightquest:nail_glaive":1,"depthcrawler:deep_spawn_egg":1,"minecraft:bucket":2,"crittersandcompanions:jumping_spider_spawn_egg":1,"knightquest:ratman_spawn_egg":1,"knightquest:lizzy_spawn_egg":1,"crittersandcompanions:sea_bunny_spawn_egg":1,"knightquest:eldbomb_spawn_egg":1}},"DataVersion":3465}