{"stats":{"minecraft:mined":{"minecraft:large_fern":1,"alexscaves:limestone":41,"alexscaves:flytrap":1,"minecraft:grass":2,"minecraft:copper_ore":1,"alexscaves:curly_fern":1,"minecraft:stone":12},"minecraft:dropped":{"minecraft:cooked_chicken":6,"tombstone:grave_key":1,"minecraft:chicken":11,"tombstone:grave_dust":1,"minecraft:leather":1,"farmersdelight:roast_chicken":1,"minecraft:white_wool":1},"minecraft:killed":{"alexscaves:subterranodon":1,"iceandfire:lightning_dragon":2,"creeperoverhaul:snowy_creeper":1},"minecraft:picked_up":{"minecraft:chicken":5,"minecraft:copper_ingot":3,"minecraft:leather":1,"alexscaves:limestone":41,"minecraft:raw_copper":5,"farmersdelight:roast_chicken":1,"minecraft:wheat_seeds":2,"alexscaves:curly_fern":1,"minecraft:black_wool":1,"minecraft:mutton":5,"minecraft:white_wool":2,"alexscaves:flytrap":1,"minecraft:cobblestone":12},"minecraft:custom":{"minecraft:time_since_rest":3590,"minecraft:sprint_one_cm":64071,"minecraft:damage_taken":1293,"minecraft:walk_one_cm":57169,"minecraft:mob_kills":6,"minecraft:drop":23,"minecraft:damage_dealt":5094,"minecraft:swim_one_cm":7087,"minecraft:interact_with_crafting_table":1,"minecraft:fly_one_cm":299442,"minecraft:open_barrel":6,"minecraft:crouch_one_cm":2297,"minecraft:play_time":45120,"minecraft:deaths":4,"minecraft:sneak_time":1227,"minecraft:walk_under_water_one_cm":10831,"minecraft:jump":623,"minecraft:leave_game":3,"minecraft:walk_on_water_one_cm":7936,"minecraft:time_since_death":3774,"minecraft:climb_one_cm":194,"minecraft:total_world_time":45120,"minecraft:fall_one_cm":46070},"minecraft:used":{"alexsmobs:spawn_egg_mantis_shrimp":1,"minecraft:water_bucket":1,"alexsmobs:spawn_egg_triops":1,"alexscaves:submarine":2,"minecraft:gravel":1,"minecraft:diamond_sword":45,"knightquest:paladin_sword":21,"minecraft:salmon":2,"minecraft:torch":2,"alexsmobs:spawn_egg_jerboa":1,"alexsmobs:spawn_egg_caiman":1,"minecraft:cobblestone":1,"minecraft:dirt":1,"minecraft:golden_carrot":2,"minecraft:bow":10,"iceandfire:spawn_egg_lightning_dragon":3,"alexsmobs:spawn_egg_shoebill":1,"minecraft:bucket":1,"tombstone:gift":1,"alexsmobs:animal_dictionary":1,"minecraft:cod":2,"iceandfire:myrmex_jungle_pickaxe":55,"minecraft:milk_bucket":1,"minecraft:stripped_spruce_wood":6}},"DataVersion":3465}