{"stats":{"minecraft:killed":{"born_in_chaos_v1:diamond_termite":2,"born_in_chaos_v1:restless_spirit":1,"minecraft:spider":1,"born_in_chaos_v1:maggot":6,"creeperoverhaul:bamboo_creeper":2,"minecraft:skeleton":10,"minecraft:zombie":7,"born_in_chaos_v1:corpse_fly":4},"minecraft:mined":{"minecraft:tuff":1,"iceandfire:silver_ore":1,"minecraft:deepslate_diamond_ore":3,"born_in_chaos_v1:infected_deepslate_diamond_ore":1,"minecraft:crafting_table":3,"minecraft:torch":2,"minecraft:blast_furnace":1,"minecraft:grass_block":2,"minecraft:melon":14,"farmersdelight:wild_cabbages":1,"minecraft:deepslate_gold_ore":35,"minecraft:oak_planks":3,"minecraft:diorite":3,"minecraft:wall_torch":1,"farmersdelight:sandy_shrub":1,"minecraft:iron_ore":8,"minecraft:grass":6,"minecraft:oak_log":4,"minecraft:coal_ore":7,"minecraft:deepslate_iron_ore":26,"minecraft:sand":5,"crittersandcompanions:silk_cocoon":2,"minecraft:dirt":2,"minecraft:stone":15,"minecraft:chipped_anvil":1,"minecraft:oak_leaves":1,"minecraft:deepslate":38,"minecraft:fern":9},"minecraft:crafted":{"minecraft:oak_planks":20,"minecraft:wooden_pickaxe":1,"minecraft:stone_axe":1,"farmersdelight:skillet":1,"minecraft:shield":1,"minecraft:iron_axe":1,"minecraft:stick":8,"minecraft:iron_pickaxe":1,"minecraft:stone_pickaxe":1,"minecraft:stone_sword":1,"minecraft:torch":8},"minecraft:broken":{"minecraft:leather_chestplate":1},"minecraft:used":{"minecraft:water_bucket":26,"minecraft:diorite":3,"minecraft:stone_sword":29,"farmersdelight:skillet":52,"minecraft:tropical_fish":1,"minecraft:stone_pickaxe":19,"minecraft:oak_planks":16,"minecraft:wooden_pickaxe":5,"minecraft:shield":28,"minecraft:salmon":19,"minecraft:torch":79,"minecraft:glow_berries":23,"minecraft:dirt":2,"minecraft:sand":9,"tombstone:scroll_of_feather_fall":1,"minecraft:crafting_table":4,"minecraft:tuff":1,"tombstone:tablet_of_home":1,"minecraft:cod":21,"artifacts:onion_ring":1,"farmersdelight:rope":4,"minecraft:lava_bucket":23,"minecraft:iron_axe":3,"minecraft:bread":18,"minecraft:melon_slice":23,"minecraft:iron_pickaxe":119,"minecraft:stone_axe":6,"minecraft:cobblestone":3,"minecraft:bucket":49,"alexsmobs:animal_dictionary":6,"minecraft:cobbled_deepslate":41},"minecraft:picked_up":{"born_in_chaos_v1:corpse_maggot":6,"born_in_chaos_v1:diamond_termite_shard":1,"minecraft:crafting_table":3,"minecraft:leather_chestplate":1,"born_in_chaos_v1:monster_flesh":1,"minecraft:wooden_pickaxe":1,"minecraft:tuff":1,"minecraft:oak_log":5,"tombstone:grave_key":1,"minecraft:dirt":4,"minecraft:bone":5,"minecraft:chipped_anvil":1,"minecraft:wheat_seeds":2,"minecraft:cobbled_deepslate":42,"minecraft:raw_gold":36,"minecraft:bamboo":2,"minecraft:melon_slice":72,"minecraft:oak_planks":4,"farmersdelight:cabbage_seeds":1,"minecraft:stick":5,"minecraft:raw_iron":34,"minecraft:torch":5,"minecraft:sand":9,"tombstone:grave_dust":1,"minecraft:blast_furnace":1,"minecraft:diorite":3,"minecraft:spider_eye":2,"minecraft:bundle":1,"minecraft:arrow":5,"minecraft:rotten_flesh":8,"minecraft:diamond":3,"minecraft:beetroot_seeds":1,"crittersandcompanions:silk":3,"knightquest:small_essence":2,"minecraft:oak_sapling":4,"minecraft:skeleton_skull":1,"minecraft:coal":9,"iceandfire:raw_silver":1,"minecraft:cobblestone":14},"minecraft:custom":{"minecraft:interact_with_furnace":1,"minecraft:mob_kills":36,"minecraft:interact_with_crafting_table":9,"minecraft:open_barrel":8,"minecraft:damage_dealt_resisted":111,"minecraft:leave_game":2,"minecraft:time_since_death":14331,"minecraft:climb_one_cm":1795,"minecraft:time_since_rest":11932,"minecraft:sprint_one_cm":261835,"minecraft:damage_taken":2132,"minecraft:walk_one_cm":174915,"minecraft:damage_blocked_by_shield":735,"minecraft:drop":35,"minecraft:damage_dealt":5677,"tombstone:cast_on_ally":0,"minecraft:damage_dealt_absorbed":12,"minecraft:swim_one_cm":73496,"minecraft:fly_one_cm":394978,"minecraft:open_chest":6,"minecraft:play_time":85135,"minecraft:crouch_one_cm":7595,"tombstone:undead_killed":17,"minecraft:deaths":2,"minecraft:sneak_time":2583,"minecraft:walk_under_water_one_cm":16486,"minecraft:jump":2165,"minecraft:interact_with_blast_furnace":1,"minecraft:walk_on_water_one_cm":18752,"minecraft:total_world_time":85135,"minecraft:fall_one_cm":50262},"minecraft:dropped":{"minecraft:water_bucket":1,"minecraft:stone_axe":2,"minecraft:wheat_seeds":2,"minecraft:stone_sword":2,"alexsmobs:animal_dictionary":1,"tombstone:gift":2,"farmersdelight:cabbage_seeds":1,"minecraft:cobblestone":3,"minecraft:rotten_flesh":8,"minecraft:rail":1,"born_in_chaos_v1:monster_flesh":1,"minecraft:dirt":4,"minecraft:skeleton_skull":1,"tombstone:grave_key":1,"minecraft:beetroot_seeds":2,"born_in_chaos_v1:corpse_maggot":10,"born_in_chaos_v1:diamond_termite_shard":1,"minecraft:oak_sapling":4,"tombstone:grave_dust":1,"minecraft:spider_eye":2,"minecraft:bamboo":2,"knightquest:small_essence":2,"minecraft:arrow":2,"minecraft:wooden_pickaxe":2,"minecraft:stone_pickaxe":2}},"DataVersion":3465}