{"stats":{"minecraft:killed_by":{"iceandfire:gorgon":1},"minecraft:mined":{"minecraft:stone_brick_slab":2,"minecraft:stone_brick_wall":6,"minecraft:grass_block":2,"minecraft:cobblestone":4,"biomesoplenty:sprout":1,"minecraft:spawner":1,"minecraft:ice":2,"minecraft:stone_brick_stairs":1,"minecraft:grass":1,"minecraft:packed_ice":2,"minecraft:cracked_stone_bricks":3,"minecraft:stone_bricks":6},"minecraft:custom":{"minecraft:mob_kills":22,"tombstone:raider_killed":2,"minecraft:leave_game":3,"minecraft:time_since_death":20113,"minecraft:climb_one_cm":1001,"minecraft:time_since_rest":18997,"minecraft:sprint_one_cm":80707,"minecraft:damage_taken":2147483647,"minecraft:walk_one_cm":91319,"minecraft:drop":15,"minecraft:damage_dealt":10525,"minecraft:swim_one_cm":16066,"minecraft:fly_one_cm":904341,"minecraft:open_chest":9,"minecraft:crouch_one_cm":3828,"minecraft:play_time":75509,"tombstone:undead_killed":3,"minecraft:deaths":2,"minecraft:sneak_time":2366,"minecraft:walk_under_water_one_cm":11727,"minecraft:jump":806,"minecraft:walk_on_water_one_cm":11741,"minecraft:total_world_time":75509,"minecraft:fall_one_cm":18063},"minecraft:killed":{"aquamirae:maw":11,"iceandfire:gorgon":1,"minecraft:vindicator":1,"minecraft:skeleton":2,"minecraft:pillager":1,"aquamirae:anglerfish":2,"aquamirae:golden_moth":1,"born_in_chaos_v1:firelight_not_despawn":1},"minecraft:used":{"minecraft:mossy_stone_bricks":4,"minecraft:netherite_sword":10,"mowziesmobs:umvuthana_spawn_egg":1,"aquamirae:maw_spawn_egg":8,"iceandfire:spawn_egg_gorgon":1,"aquamirae:eel_spawn_egg":2,"minecraft:zombie_spawn_egg":9,"mowziesmobs:foliaath_spawn_egg":2,"mowziesmobs:umvuthana_raptor_spawn_egg":1,"mowziesmobs:umvuthana_crane_spawn_egg":1,"bosses_of_mass_destruction:earthdive_spear":1,"minecraft:cracked_stone_bricks":6,"mowziesmobs:naga_spawn_egg":1,"minecraft:dirt":2,"minecraft:spyglass":9,"knightquest:uchigatana_katana":27,"born_in_chaos_v1:zombie_bruiser_spawn_egg":5,"mowziesmobs:wroughtnaut_spawn_egg":2,"mowziesmobs:frostmaw_spawn_egg":1,"knightquest:steel_axe":91,"mowziesmobs:lantern_spawn_egg":1,"aquamirae:tortured_soul_spawn_egg":1,"aquamirae:spinefish_spawn_egg":1,"mowziesmobs:grottol_spawn_egg":1,"minecraft:crossbow":11,"stalwart_dungeons:tungsten_pickaxe":22,"minecraft:stone_brick_wall":5,"aquamirae:captain_cornelia_spawn_egg":5,"bosses_of_mass_destruction:soul_star":24,"tombstone:bag_of_seeds":2,"minecraft:stone_brick_slab":2,"cataclysm:infernal_forge":7,"minecraft:light":3,"minecraft:diamond_pickaxe":6,"iceandfire:dragonbone_sword_fire":7,"minecraft:barrier":21,"mowziesmobs:umvuthi_spawn_egg":2,"minecraft:stone_brick_stairs":1,"minecraft:stone_bricks":6,"minecraft:cobblestone":7,"minecraft:bow":38,"tombstone:gift":1,"alexsmobs:animal_dictionary":1,"farmersdelight:honey_glazed_ham":4},"minecraft:picked_up":{"mowziesmobs:lantern_spawn_egg":1,"minecraft:chainmail_boots":1,"minecraft:stone_brick_wall":5,"minecraft:stone_brick_stairs":1,"minecraft:dirt":2,"aquamirae:fin":8,"minecraft:bone":1,"mowziesmobs:naga_spawn_egg":1,"minecraft:stone_bricks":6,"minecraft:cracked_stone_bricks":2,"bosses_of_mass_destruction:soul_star":8,"aquaculture:atlantic_herring":1,"minecraft:stone_brick_slab":2,"tombstone:grave_dust":1,"minecraft:arrow":4,"born_in_chaos_v1:fire_dust":1,"minecraft:crossbow":1,"minecraft:emerald":2,"iceandfire:gorgon_head":1,"minecraft:cobblestone":9},"minecraft:dropped":{"minecraft:bowl":3,"mowziesmobs:naga_spawn_egg":1,"mowziesmobs:lantern_spawn_egg":1,"aquamirae:fin":1,"tombstone:grave_key":1,"minecraft:chainmail_boots":1,"tombstone:grave_dust":1,"minecraft:arrow":1,"minecraft:bone":5}},"DataVersion":3465}