{"stats":{"minecraft:killed":{"born_in_chaos_v1:restless_spirit":2,"born_in_chaos_v1:door_knight_not_despawn":1,"minecraft:spider":2,"born_in_chaos_v1:zombie_bruiser":1,"alexsmobs:gorilla":1,"born_in_chaos_v1:maggot":6,"creeperoverhaul:bamboo_creeper":2,"minecraft:skeleton":11,"born_in_chaos_v1:diamond_termite":2,"born_in_chaos_v1:swarmer":1,"born_in_chaos_v1:decrepit_skeleton":1,"alexsmobs:emu":1,"minecraft:zombie":9,"iceandfire:ghost":1,"born_in_chaos_v1:corpse_fly":6,"born_in_chaos_v1:dark_vortex":1,"minecraft:cow":4},"minecraft:mined":{"minecraft:tuff":1,"biomesoplenty:watergrass":2,"iceandfire:silver_ore":2,"minecraft:deepslate_diamond_ore":3,"minecraft:granite":9,"minecraft:grass_block":9,"farmersdelight:wild_cabbages":2,"minecraft:spawner":1,"biomesoplenty:toadstool":1,"minecraft:iron_ore":8,"minecraft:deepslate_iron_ore":26,"minecraft:iron_bars":1,"crittersandcompanions:silk_cocoon":2,"minecraft:stone":88,"sophisticatedbackpacks:backpack":1,"minecraft:crafting_table":3,"born_in_chaos_v1:infected_deepslate_diamond_ore":1,"minecraft:torch":2,"minecraft:blast_furnace":1,"minecraft:melon":14,"minecraft:chest":1,"minecraft:copper_ore":1,"minecraft:cobblestone":17,"biomesoplenty:sprout":1,"minecraft:deepslate_gold_ore":35,"minecraft:oak_planks":3,"minecraft:diorite":13,"minecraft:wall_torch":1,"farmersdelight:sandy_shrub":2,"biomesoplenty:mahogany_log":2,"minecraft:birch_leaves":1,"minecraft:grass":13,"minecraft:oak_log":10,"minecraft:coal_ore":8,"minecraft:sand":5,"minecraft:dirt":15,"minecraft:cobweb":2,"minecraft:chipped_anvil":1,"create:crimsite":11,"minecraft:oak_leaves":2,"minecraft:deepslate":38,"minecraft:fern":11},"minecraft:crafted":{"minecraft:oak_planks":44,"minecraft:furnace":5,"minecraft:bow":1,"minecraft:iron_boots":1,"minecraft:iron_axe":1,"minecraft:stone_pickaxe":1,"sophisticatedbackpacks:backpack":1,"minecraft:crafting_table":4,"minecraft:wooden_pickaxe":1,"minecraft:iron_sword":1,"minecraft:stone_axe":1,"farmersdelight:skillet":1,"minecraft:air":0,"minecraft:iron_chestplate":1,"minecraft:diamond_pickaxe":1,"minecraft:shield":1,"minecraft:stick":8,"minecraft:iron_pickaxe":1,"minecraft:iron_ingot":40,"minecraft:stone_sword":1,"minecraft:iron_leggings":1,"minecraft:torch":8},"minecraft:broken":{"minecraft:leather_chestplate":1},"minecraft:used":{"minecraft:stone_sword":29,"minecraft:tropical_fish":1,"minecraft:shield":39,"minecraft:iron_sword":16,"minecraft:torch":79,"minecraft:dirt":9,"artifacts:onion_ring":1,"minecraft:tuff":1,"farmersdelight:rope":4,"minecraft:lava_bucket":23,"minecraft:iron_axe":16,"minecraft:bow":5,"minecraft:furnace":5,"minecraft:cobbled_deepslate":42,"minecraft:water_bucket":27,"minecraft:diorite":3,"farmersdelight:skillet":100,"minecraft:stone_pickaxe":19,"minecraft:oak_planks":16,"minecraft:wooden_pickaxe":5,"minecraft:salmon":19,"minecraft:glow_berries":23,"minecraft:sand":9,"tombstone:scroll_of_feather_fall":1,"minecraft:crafting_table":7,"minecraft:cod":21,"tombstone:tablet_of_home":1,"sophisticatedbackpacks:backpack":1,"minecraft:diamond_pickaxe":125,"minecraft:iron_pickaxe":133,"minecraft:bread":22,"minecraft:melon_slice":131,"minecraft:stone_axe":6,"minecraft:cobblestone":39,"minecraft:bucket":51,"alexsmobs:animal_dictionary":6},"minecraft:picked_up":{"born_in_chaos_v1:diamond_termite_shard":1,"minecraft:crafting_table":3,"minecraft:brown_mushroom":5,"minecraft:wooden_pickaxe":1,"tombstone:grave_key":1,"minecraft:string":2,"minecraft:raw_copper":4,"minecraft:cobbled_deepslate":42,"minecraft:beef":6,"minecraft:melon_slice":76,"minecraft:chest":1,"farmersdelight:cabbage_seeds":2,"minecraft:stick":8,"minecraft:raw_iron":34,"minecraft:torch":5,"sophisticatedbackpacks:backpack":2,"tombstone:grave_dust":1,"minecraft:diorite":13,"born_in_chaos_v1:pieceofdarkmetal":3,"minecraft:stone_sword":1,"minecraft:arrow":6,"minecraft:rotten_flesh":16,"minecraft:beetroot_seeds":1,"crittersandcompanions:silk":3,"minecraft:iron_bars":1,"minecraft:skeleton_skull":1,"minecraft:cobblestone":102,"born_in_chaos_v1:corpse_maggot":7,"minecraft:leather_chestplate":2,"born_in_chaos_v1:monster_flesh":1,"minecraft:leather":2,"minecraft:tuff":1,"minecraft:oak_log":11,"minecraft:dirt":25,"tombstone:gift":1,"minecraft:bone":7,"minecraft:chipped_anvil":1,"minecraft:wheat_seeds":2,"minecraft:raw_gold":36,"minecraft:bamboo":2,"minecraft:oak_planks":4,"iceandfire:amphithere_feather":2,"born_in_chaos_v1:ethereal_spirit":3,"minecraft:sand":9,"born_in_chaos_v1:dark_rod":2,"mowziesmobs:wrought_helmet":1,"minecraft:blast_furnace":1,"minecraft:spider_eye":4,"minecraft:bundle":1,"biomesoplenty:mahogany_log":2,"create:crimsite":11,"minecraft:diamond":3,"minecraft:granite":9,"knightquest:small_essence":4,"minecraft:oak_sapling":4,"minecraft:coal":10,"iceandfire:raw_silver":2},"minecraft:custom":{"minecraft:mob_kills":55,"minecraft:interact_with_crafting_table":21,"minecraft:open_barrel":22,"minecraft:damage_dealt_resisted":258,"minecraft:leave_game":3,"minecraft:time_since_death":1873,"minecraft:climb_one_cm":2043,"minecraft:sprint_one_cm":371971,"minecraft:walk_one_cm":279253,"minecraft:damage_blocked_by_shield":920,"minecraft:drop":64,"minecraft:damage_dealt_absorbed":12,"minecraft:play_time":141807,"minecraft:deaths":3,"minecraft:sneak_time":3639,"minecraft:walk_under_water_one_cm":18744,"minecraft:jump":3340,"minecraft:interact_with_blast_furnace":1,"minecraft:walk_on_water_one_cm":32236,"minecraft:total_world_time":141807,"minecraft:interact_with_furnace":36,"minecraft:time_since_rest":1,"minecraft:damage_taken":3816,"minecraft:damage_dealt":10133,"tombstone:cast_on_ally":0,"minecraft:swim_one_cm":95668,"minecraft:fly_one_cm":617961,"minecraft:open_chest":16,"minecraft:crouch_one_cm":9551,"tombstone:undead_killed":25,"minecraft:fall_one_cm":77072},"minecraft:dropped":{"minecraft:water_bucket":1,"minecraft:iron_ingot":10,"iceandfire:raw_silver":1,"minecraft:brown_mushroom":5,"minecraft:wheat_seeds":2,"minecraft:crafting_table":1,"minecraft:iron_helmet":1,"minecraft:cobblestone":3,"minecraft:granite":9,"create:crimsite":11,"minecraft:rail":1,"minecraft:stick":3,"born_in_chaos_v1:monster_flesh":1,"minecraft:dirt":18,"minecraft:diorite":10,"tombstone:grave_key":1,"tombstone:grave_dust":1,"minecraft:stone_axe":2,"minecraft:stone_sword":3,"alexsmobs:animal_dictionary":1,"minecraft:raw_copper":4,"farmersdelight:cabbage_seeds":2,"tombstone:gift":3,"iceandfire:amphithere_feather":2,"minecraft:rotten_flesh":14,"sophisticatedbackpacks:backpack":1,"minecraft:leather_chestplate":1,"minecraft:skeleton_skull":1,"minecraft:beetroot_seeds":2,"born_in_chaos_v1:corpse_maggot":10,"minecraft:oak_sapling":4,"born_in_chaos_v1:diamond_termite_shard":1,"minecraft:spider_eye":5,"minecraft:bamboo":2,"knightquest:small_essence":2,"minecraft:iron_bars":1,"minecraft:arrow":2,"minecraft:wooden_pickaxe":2,"minecraft:stone_pickaxe":2}},"DataVersion":3465}