{"stats":{"minecraft:killed":{"born_in_chaos_v1:bloody_gadfly":1,"depthcrawler:deep":1,"endermanoverhaul:snowy_enderman":1,"depthcrawler:electricdeep":1,"depthcrawler:oceanicdeep":1,"born_in_chaos_v1:zombie_bruiser":1,"depthcrawler:cavedeep":1},"minecraft:picked_up":{"minecraft:allium":4,"minecraft:potion":3,"depthcrawler:greenshard":2,"born_in_chaos_v1:black_argillite_button":1,"minecraft:dirt":1,"exposure:camera":2,"minecraft:rotten_flesh":5,"depthcrawler:ancientdeep_spawn_egg":1,"minecraft:flowering_azalea":1,"minecraft:snowball":2,"minecraft:crimson_roots":1},"minecraft:dropped":{"exposure:camera":2,"depthcrawler:ancientdeep_spawn_egg":1,"minecraft:potion":3},"minecraft:mined":{"minecraft:flowering_azalea":2,"bosses_of_mass_destruction:void_blossom":8,"minecraft:grass_block":1,"minecraft:tall_grass":3},"minecraft:custom":{"minecraft:time_since_rest":41470,"minecraft:damage_absorbed":128,"minecraft:sprint_one_cm":79465,"minecraft:damage_taken":991,"minecraft:walk_one_cm":49643,"minecraft:mob_kills":8,"minecraft:drop":6,"minecraft:damage_dealt":11105,"exposure:interact_with_lightroom":1,"minecraft:swim_one_cm":7739,"minecraft:fly_one_cm":147615,"minecraft:crouch_one_cm":110,"minecraft:play_time":41470,"exposure:film_frames_exposed":1,"minecraft:sneak_time":834,"minecraft:walk_under_water_one_cm":3145,"minecraft:jump":419,"minecraft:time_since_death":41470,"minecraft:walk_on_water_one_cm":2559,"minecraft:total_world_time":41470,"minecraft:climb_one_cm":5916,"minecraft:fall_one_cm":6756},"minecraft:used":{"depthcrawler:electricdeep_spawn_egg":1,"exposure:camera":2,"minecraft:water_bucket":2,"born_in_chaos_v1:black_argillite_button":1,"minecraft:ladder":4,"minecraft:map":1,"biomesoplenty:brimstone_bricks":12,"aquaculture:neptunium_bow":15,"depthcrawler:oceanicdeep_spawn_egg":2,"exposure:lightroom":1,"depthcrawler:ancientdeep_spawn_egg":1,"bosses_of_mass_destruction:void_lily":1,"minecraft:golden_apple":5,"minecraft:diamond_sword":92,"minecraft:dirt":1,"minecraft:golden_carrot":5,"minecraft:potion":1,"endermanoverhaul:snowy_enderman_spawn_egg":2,"depthcrawler:deep_spawn_egg":1,"minecraft:bucket":2,"minecraft:allium":4,"securitycraft:reinforced_ladder":11,"minecraft:snowball":2,"aquamirae:coral_lance":49,"minecraft:milk_bucket":2}},"DataVersion":3465}