{"stats":{"minecraft:used":{"minecraft:diamond_pickaxe":23,"minecraft:firework_rocket":6,"minecraft:elytra":1,"minecraft:shield":11,"minecraft:stone":11,"minecraft:cobblestone_slab":30,"minecraft:diamond_sword":75,"minecraft:dirt":11,"minecraft:cobblestone":22,"minecraft:cooked_beef":2},"minecraft:killed":{"minecraft:horse":1,"minecraft:skeleton":6,"minecraft:zombie":6,"minecraft:pig":2,"minecraft:chicken":1,"minecraft:iron_golem":2,"minecraft:creeper":1,"minecraft:cow":3},"minecraft:custom":{"minecraft:time_since_rest":25428,"minecraft:sprint_one_cm":8186,"minecraft:damage_taken":189,"minecraft:walk_one_cm":33651,"minecraft:damage_blocked_by_shield":1030,"minecraft:mob_kills":22,"minecraft:drop":6,"minecraft:damage_dealt":5400,"minecraft:fly_one_cm":286084,"minecraft:crouch_one_cm":598,"minecraft:play_time":25428,"minecraft:sneak_time":288,"minecraft:walk_under_water_one_cm":766,"minecraft:aviate_one_cm":221187,"minecraft:jump":155,"minecraft:leave_game":1,"minecraft:walk_on_water_one_cm":1742,"minecraft:time_since_death":25428,"minecraft:total_world_time":25428,"minecraft:fall_one_cm":1593},"minecraft:mined":{"minecraft:grass":1,"minecraft:grass_block":5,"minecraft:stone":23},"minecraft:picked_up":{"minecraft:stone":4,"minecraft:leather":7,"minecraft:porkchop":5,"minecraft:gunpowder":2,"minecraft:dirt":17,"minecraft:bone":8,"minecraft:arrow":7,"minecraft:rotten_flesh":4,"minecraft:wheat_seeds":2,"minecraft:beef":7,"minecraft:iron_ingot":8,"minecraft:cobblestone_slab":1,"minecraft:poppy":1,"minecraft:cobblestone":23},"minecraft:dropped":{"minecraft:cobblestone_slab":1,"minecraft:stone":4,"minecraft:jungle_log":64}},"DataVersion":3465}