{"stats":{"minecraft:killed":{"minecraft:zombie":1},"minecraft:mined":{"minecraft:grass":5,"minecraft:grass_block":2,"minecraft:melon":14,"minecraft:dirt":2,"minecraft:sand":5,"minecraft:oak_leaves":1,"minecraft:fern":9,"minecraft:oak_log":4},"minecraft:used":{"minecraft:dirt":2,"minecraft:water_bucket":13,"minecraft:lava_bucket":16,"minecraft:sand":9,"minecraft:melon_slice":6,"minecraft:bucket":29,"alexsmobs:animal_dictionary":6},"minecraft:picked_up":{"minecraft:leather_chestplate":1,"minecraft:rotten_flesh":2,"minecraft:wheat_seeds":2,"minecraft:sand":9,"minecraft:oak_log":4,"minecraft:melon_slice":72,"minecraft:dirt":2},"minecraft:custom":{"minecraft:open_barrel":3,"minecraft:time_since_rest":20200,"minecraft:crouch_one_cm":2156,"tombstone:undead_killed":1,"minecraft:sprint_one_cm":41914,"minecraft:play_time":20200,"minecraft:damage_taken":62,"minecraft:walk_one_cm":51758,"minecraft:sneak_time":529,"minecraft:walk_under_water_one_cm":90,"minecraft:mob_kills":4,"minecraft:drop":3,"minecraft:jump":433,"minecraft:damage_dealt":278,"minecraft:leave_game":1,"minecraft:walk_on_water_one_cm":878,"minecraft:time_since_death":20200,"minecraft:total_world_time":20200,"minecraft:climb_one_cm":337,"minecraft:interact_with_crafting_table":2,"minecraft:fly_one_cm":99632,"minecraft:fall_one_cm":13250},"minecraft:dropped":{"minecraft:rotten_flesh":2,"minecraft:wheat_seeds":2}},"DataVersion":3465}