{"stats":{"minecraft:mined":{"minecraft:tuff":1,"biomesoplenty:watergrass":2,"minecraft:spruce_planks":7,"iceandfire:silver_ore":2,"minecraft:deepslate_diamond_ore":3,"farmersdelight:wild_carrots":1,"minecraft:obsidian":1,"minecraft:granite":9,"minecraft:grass_block":9,"biomesoplenty:stripped_mahogany_log":1,"farmersdelight:wild_cabbages":2,"minecraft:gilded_blackstone":4,"minecraft:spawner":8,"minecraft:hay_block":34,"biomesoplenty:orange_cosmos":1,"biomesoplenty:toadstool":1,"minecraft:iron_ore":8,"minecraft:deepslate_iron_ore":26,"minecraft:oak_stairs":1,"minecraft:iron_bars":1,"crittersandcompanions:silk_cocoon":2,"minecraft:stone":89,"sophisticatedbackpacks:backpack":1,"minecraft:blackstone":1,"born_in_chaos_v1:infected_deepslate_diamond_ore":1,"minecraft:crafting_table":3,"minecraft:torch":3,"minecraft:blast_furnace":1,"minecraft:melon":17,"biomesoplenty:mahogany_planks":1,"minecraft:chest":1,"minecraft:tall_grass":1,"minecraft:copper_ore":5,"minecraft:cobblestone":41,"minecraft:sugar_cane":1,"biomesoplenty:sprout":1,"minecraft:deepslate_gold_ore":35,"minecraft:oak_planks":27,"minecraft:diorite":13,"minecraft:wall_torch":2,"farmersdelight:sandy_shrub":2,"biomesoplenty:mahogany_log":85,"minecraft:birch_leaves":1,"minecraft:grass":18,"minecraft:oak_log":13,"minecraft:coal_ore":14,"minecraft:sand":9,"minecraft:dirt":16,"minecraft:cobweb":2,"minecraft:stripped_acacia_wood":1,"minecraft:chipped_anvil":1,"create:crimsite":11,"minecraft:oak_leaves":2,"minecraft:deepslate":38,"minecraft:fern":20},"minecraft:crafted":{"minecraft:oak_planks":56,"biomesoplenty:mahogany_planks":348,"minecraft:furnace":6,"minecraft:diamond_leggings":1,"minecraft:bow":1,"minecraft:iron_boots":1,"sophisticatedbackpacks:copper_backpack":1,"minecraft:iron_axe":1,"minecraft:stone_pickaxe":1,"minecraft:chest":2,"minecraft:diamond_boots":1,"sophisticatedbackpacks:iron_backpack":1,"minecraft:wheat":306,"sophisticatedbackpacks:backpack":1,"minecraft:crafting_table":8,"minecraft:wooden_pickaxe":1,"minecraft:iron_sword":1,"minecraft:copper_ingot":8,"minecraft:stone_axe":1,"farmersdelight:skillet":1,"minecraft:bread":102,"minecraft:air":0,"minecraft:iron_chestplate":1,"minecraft:diamond_pickaxe":1,"minecraft:shield":1,"minecraft:stick":12,"minecraft:iron_ingot":40,"minecraft:iron_pickaxe":1,"minecraft:wooden_axe":1,"minecraft:stone_sword":1,"minecraft:iron_leggings":1,"minecraft:torch":8,"minecraft:golden_hoe":1,"minecraft:diamond_chestplate":1},"minecraft:used":{"biomesoplenty:mahogany_planks":284,"minecraft:stone_sword":29,"minecraft:tropical_fish":1,"minecraft:chest":2,"minecraft:shield":80,"biomesoplenty:orange_cosmos":1,"minecraft:iron_sword":93,"minecraft:torch":88,"minecraft:dirt":9,"minecraft:carrot":17,"artifacts:onion_ring":1,"minecraft:tuff":1,"farmersdelight:rope":4,"born_in_chaos_v1:corpse_maggot":11,"minecraft:wooden_axe":12,"alexsmobs:maggot":3,"minecraft:lava_bucket":35,"minecraft:iron_axe":176,"minecraft:bow":9,"minecraft:beef":6,"minecraft:furnace":6,"tombstone:gift":3,"minecraft:cobbled_deepslate":42,"minecraft:water_bucket":35,"minecraft:diorite":3,"farmersdelight:skillet":158,"minecraft:stone_pickaxe":19,"minecraft:oak_planks":28,"minecraft:blackstone":1,"minecraft:wooden_pickaxe":5,"minecraft:gilded_blackstone":4,"minecraft:golden_apple":3,"minecraft:salmon":19,"minecraft:glow_berries":23,"minecraft:golden_hoe":35,"minecraft:sand":13,"tombstone:scroll_of_feather_fall":3,"minecraft:crafting_table":11,"minecraft:cod":21,"tombstone:tablet_of_home":1,"sophisticatedbackpacks:backpack":1,"minecraft:diamond_pickaxe":174,"minecraft:apple":9,"minecraft:iron_pickaxe":133,"minecraft:bread":31,"minecraft:melon_slice":155,"tombstone:magic_scroll":1,"minecraft:stone_axe":6,"minecraft:cobblestone":60,"minecraft:cooked_porkchop":2,"minecraft:bucket":71,"alexsmobs:animal_dictionary":6},"minecraft:custom":{"minecraft:mob_kills":110,"minecraft:interact_with_crafting_table":33,"minecraft:open_barrel":29,"minecraft:damage_dealt_resisted":944,"minecraft:leave_game":7,"minecraft:time_since_death":21409,"minecraft:climb_one_cm":2491,"minecraft:sprint_one_cm":565024,"minecraft:walk_one_cm":461837,"minecraft:damage_blocked_by_shield":1870,"minecraft:drop":115,"minecraft:damage_dealt_absorbed":12,"minecraft:talked_to_villager":2,"minecraft:play_time":231347,"minecraft:deaths":9,"minecraft:sneak_time":9966,"minecraft:walk_under_water_one_cm":27212,"minecraft:interact_with_brewingstand":1,"minecraft:jump":5603,"minecraft:interact_with_blast_furnace":1,"minecraft:walk_on_water_one_cm":46587,"minecraft:total_world_time":231347,"minecraft:interact_with_furnace":43,"tombstone:raider_killed":1,"minecraft:time_since_rest":20519,"minecraft:damage_absorbed":118,"minecraft:damage_taken":8023,"minecraft:damage_dealt":20143,"tombstone:cast_on_ally":1,"minecraft:swim_one_cm":187617,"minecraft:fly_one_cm":1041385,"minecraft:open_chest":28,"minecraft:crouch_one_cm":25868,"tombstone:undead_killed":58,"minecraft:fall_one_cm":130651},"minecraft:picked_up":{"minecraft:crafting_table":3,"born_in_chaos_v1:diamond_termite_shard":1,"iceandfire:witherbone":1,"born_in_chaos_v1:seedof_chaos":1,"minecraft:brown_mushroom":5,"minecraft:wooden_pickaxe":1,"minecraft:oak_stairs":1,"minecraft:gilded_blackstone":4,"born_in_chaos_v1:bloody_gadfly_eye":1,"tombstone:grave_key":1,"minecraft:string":9,"minecraft:raw_copper":17,"biomesoplenty:stripped_mahogany_log":1,"minecraft:blackstone":1,"minecraft:cobbled_deepslate":42,"minecraft:spruce_planks":7,"minecraft:beef":6,"farmersdelight:golden_knife":1,"minecraft:melon_slice":90,"minecraft:sugar_cane":3,"minecraft:chest":1,"farmersdelight:cabbage_seeds":2,"minecraft:tipped_arrow":1,"minecraft:stick":8,"minecraft:raw_iron":34,"born_in_chaos_v1:shattered_skull":1,"minecraft:torch":7,"sophisticatedbackpacks:backpack":2,"tombstone:grave_dust":10,"minecraft:diorite":13,"born_in_chaos_v1:pieceofdarkmetal":7,"minecraft:carrot":1,"minecraft:weeping_vines":3,"minecraft:stone_sword":1,"minecraft:arrow":6,"minecraft:rotten_flesh":24,"minecraft:beetroot_seeds":1,"minecraft:hay_block":34,"crittersandcompanions:silk":3,"minecraft:obsidian":1,"minecraft:iron_bars":1,"biomesoplenty:orange_cosmos":1,"minecraft:skeleton_skull":1,"minecraft:cobblestone":122,"born_in_chaos_v1:fused_bone":2,"born_in_chaos_v1:corpse_maggot":16,"minecraft:leather_chestplate":2,"born_in_chaos_v1:monster_flesh":2,"born_in_chaos_v1:spiritual_dust":5,"minecraft:leather":3,"minecraft:tuff":1,"minecraft:oak_log":14,"minecraft:dirt":26,"tombstone:gift":3,"minecraft:red_carpet":4,"born_in_chaos_v1:monster_skin":1,"minecraft:chipped_anvil":1,"minecraft:bone":20,"minecraft:wheat_seeds":2,"minecraft:raw_gold":36,"minecraft:iron_ingot":1,"minecraft:bamboo":2,"minecraft:oak_planks":24,"biomesoplenty:mahogany_planks":3,"iceandfire:amphithere_feather":2,"minecraft:cooked_porkchop":6,"born_in_chaos_v1:orbofthe_summoner":1,"born_in_chaos_v1:ethereal_spirit":5,"minecraft:stripped_acacia_wood":1,"minecraft:sand":13,"born_in_chaos_v1:dark_rod":2,"mowziesmobs:wrought_helmet":1,"minecraft:blast_furnace":1,"minecraft:spider_eye":4,"minecraft:bundle":2,"biomesoplenty:mahogany_log":87,"create:crimsite":11,"minecraft:diamond":3,"knightquest:small_essence":6,"minecraft:granite":9,"alexsmobs:maggot":3,"minecraft:oak_sapling":4,"minecraft:coal":17,"iceandfire:raw_silver":2},"minecraft:broken":{"minecraft:golden_hoe":1,"minecraft:leather_chestplate":1},"minecraft:dropped":{"minecraft:water_bucket":1,"minecraft:bread":31,"minecraft:iron_ingot":10,"iceandfire:raw_silver":1,"born_in_chaos_v1:shattered_skull":1,"minecraft:brown_mushroom":5,"minecraft:wheat_seeds":2,"minecraft:crafting_table":1,"minecraft:weeping_vines":3,"minecraft:iron_helmet":1,"minecraft:cobblestone":5,"minecraft:leather":3,"minecraft:granite":9,"create:crimsite":11,"minecraft:rail":1,"minecraft:coal":1,"minecraft:red_carpet":4,"minecraft:stick":3,"born_in_chaos_v1:monster_flesh":2,"minecraft:dirt":19,"farmersdelight:golden_knife":1,"minecraft:diorite":10,"tombstone:grave_key":3,"minecraft:wooden_axe":1,"born_in_chaos_v1:fused_bone":2,"tombstone:grave_dust":11,"minecraft:iron_leggings":1,"minecraft:oak_stairs":1,"minecraft:string":8,"biomesoplenty:stripped_mahogany_log":1,"minecraft:stone_axe":2,"minecraft:sugar_cane":3,"minecraft:stone_sword":3,"alexsmobs:animal_dictionary":1,"minecraft:raw_copper":4,"tombstone:gift":5,"farmersdelight:cabbage_seeds":2,"iceandfire:amphithere_feather":2,"minecraft:rotten_flesh":24,"minecraft:iron_boots":1,"minecraft:oak_planks":20,"sophisticatedbackpacks:backpack":1,"born_in_chaos_v1:spiritual_dust":5,"minecraft:stripped_acacia_wood":1,"minecraft:leather_chestplate":1,"minecraft:skeleton_skull":1,"minecraft:spruce_planks":4,"minecraft:beetroot_seeds":2,"born_in_chaos_v1:corpse_maggot":11,"minecraft:oak_sapling":4,"born_in_chaos_v1:diamond_termite_shard":1,"minecraft:spider_eye":5,"minecraft:bamboo":2,"knightquest:small_essence":6,"minecraft:iron_bars":1,"minecraft:arrow":2,"minecraft:wooden_pickaxe":2,"minecraft:stone_pickaxe":2},"minecraft:killed":{"minecraft:cave_spider":4,"born_in_chaos_v1:restless_spirit":3,"born_in_chaos_v1:door_knight_not_despawn":1,"born_in_chaos_v1:pumpkin_spirit":1,"minecraft:spider":5,"born_in_chaos_v1:skeleton_thrasher_not_despawn":1,"born_in_chaos_v1:baby_skeleton_minion":5,"born_in_chaos_v1:siamese_skeletonsright":1,"born_in_chaos_v1:zombie_bruiser":2,"alexsmobs:gorilla":1,"creeperoverhaul:bamboo_creeper":2,"born_in_chaos_v1:maggot":11,"minecraft:phantom":1,"minecraft:skeleton":13,"born_in_chaos_v1:supreme_bonescaller_stage_2":1,"born_in_chaos_v1:bone_imp_minion":4,"born_in_chaos_v1:diamond_termite":2,"born_in_chaos_v1:swarmer":1,"minecraft:hoglin":2,"born_in_chaos_v1:decrepit_skeleton":1,"alexsmobs:emu":1,"born_in_chaos_v1:bloody_gadfly":1,"minecraft:zombie":15,"born_in_chaos_v1:dread_hound":2,"iceandfire:ghost":1,"born_in_chaos_v1:corpse_fly":7,"minecraft:stray":4,"born_in_chaos_v1:dark_vortex":1,"minecraft:wither_skeleton":6,"minecraft:enderman":1,"born_in_chaos_v1:siamese_skeletonsleft":1,"minecraft:cow":4}},"DataVersion":3465}