{"stats":{"minecraft:custom":{"minecraft:jump":179,"minecraft:time_since_rest":13715,"minecraft:damage_dealt":24,"minecraft:damage_taken":105,"minecraft:crouch_one_cm":181,"minecraft:leave_game":2,"minecraft:play_time":13715,"minecraft:sprint_one_cm":21954,"minecraft:time_since_death":13715,"minecraft:walk_on_water_one_cm":414,"minecraft:walk_one_cm":12200,"minecraft:sneak_time":61,"minecraft:total_world_time":13715,"minecraft:walk_under_water_one_cm":121,"minecraft:swim_one_cm":994,"minecraft:fall_one_cm":5602,"minecraft:fly_one_cm":38316,"minecraft:damage_dealt_resisted":6},"minecraft:mined":{"minecraft:oak_leaves":1},"minecraft:used":{"alexsmobs:animal_dictionary":5,"bosses_of_mass_destruction:levitation_block":2,"automobility:automobile_assembler":1}},"DataVersion":3465}