{"stats":{"minecraft:killed":{"creeperoverhaul:bamboo_creeper":2,"minecraft:zombie":2,"born_in_chaos_v1:corpse_fly":4},"minecraft:mined":{"iceandfire:silver_ore":1,"minecraft:crafting_table":2,"minecraft:grass_block":2,"minecraft:melon":14,"farmersdelight:wild_cabbages":1,"minecraft:oak_planks":1,"farmersdelight:sandy_shrub":1,"minecraft:grass":6,"minecraft:oak_log":4,"minecraft:dirt":2,"crittersandcompanions:silk_cocoon":1,"minecraft:sand":5,"minecraft:stone":12,"minecraft:oak_leaves":1,"minecraft:fern":9},"minecraft:crafted":{"minecraft:oak_planks":16,"minecraft:wooden_pickaxe":1,"minecraft:stone_axe":1,"minecraft:stick":8,"minecraft:stone_pickaxe":1,"minecraft:stone_sword":1},"minecraft:broken":{"minecraft:leather_chestplate":1},"minecraft:used":{"minecraft:water_bucket":16,"minecraft:stone_sword":19,"minecraft:tropical_fish":1,"minecraft:stone_pickaxe":10,"minecraft:oak_planks":3,"minecraft:wooden_pickaxe":5,"minecraft:salmon":19,"minecraft:dirt":2,"minecraft:sand":9,"minecraft:crafting_table":2,"minecraft:cod":21,"minecraft:lava_bucket":21,"minecraft:melon_slice":13,"minecraft:stone_axe":6,"minecraft:bucket":37,"alexsmobs:animal_dictionary":6},"minecraft:picked_up":{"born_in_chaos_v1:corpse_maggot":4,"minecraft:crafting_table":2,"minecraft:leather_chestplate":1,"born_in_chaos_v1:monster_flesh":1,"minecraft:oak_log":4,"tombstone:grave_key":1,"minecraft:dirt":4,"minecraft:wheat_seeds":2,"minecraft:bamboo":2,"minecraft:melon_slice":72,"minecraft:oak_planks":1,"farmersdelight:cabbage_seeds":1,"minecraft:stick":5,"minecraft:sand":9,"minecraft:spider_eye":1,"minecraft:rotten_flesh":4,"minecraft:beetroot_seeds":1,"crittersandcompanions:silk":3,"minecraft:coal":2,"iceandfire:raw_silver":1,"minecraft:cobblestone":11},"minecraft:custom":{"minecraft:mob_kills":11,"minecraft:interact_with_crafting_table":7,"minecraft:open_barrel":3,"minecraft:damage_dealt_resisted":111,"minecraft:leave_game":1,"minecraft:time_since_death":12101,"minecraft:climb_one_cm":1673,"minecraft:time_since_rest":11007,"minecraft:sprint_one_cm":99231,"minecraft:damage_taken":786,"minecraft:walk_one_cm":85245,"minecraft:drop":15,"minecraft:damage_dealt":1249,"minecraft:swim_one_cm":5431,"minecraft:fly_one_cm":208962,"minecraft:crouch_one_cm":2364,"minecraft:play_time":37986,"tombstone:undead_killed":2,"minecraft:deaths":1,"minecraft:sneak_time":606,"minecraft:walk_under_water_one_cm":1589,"minecraft:jump":974,"minecraft:walk_on_water_one_cm":2091,"minecraft:total_world_time":37986,"minecraft:fall_one_cm":26055},"minecraft:dropped":{"minecraft:stone_axe":1,"minecraft:wheat_seeds":2,"minecraft:stone_sword":1,"alexsmobs:animal_dictionary":1,"tombstone:gift":1,"farmersdelight:cabbage_seeds":1,"minecraft:rotten_flesh":4,"born_in_chaos_v1:monster_flesh":1,"tombstone:grave_key":1,"minecraft:beetroot_seeds":2,"minecraft:spider_eye":2,"minecraft:stone_pickaxe":1,"minecraft:wooden_pickaxe":1}},"DataVersion":3465}