{"stats":{"minecraft:mined":{"minecraft:large_fern":1,"alexscaves:limestone":41,"alexscaves:flytrap":1,"minecraft:copper_ore":1,"alexscaves:curly_fern":1,"minecraft:stone":12},"minecraft:dropped":{"tombstone:grave_key":1},"minecraft:killed":{"alexscaves:subterranodon":1},"minecraft:picked_up":{"minecraft:copper_ingot":3,"alexscaves:limestone":41,"minecraft:raw_copper":5,"minecraft:wheat_seeds":2,"alexscaves:curly_fern":1,"minecraft:black_wool":1,"minecraft:mutton":5,"minecraft:white_wool":1,"alexscaves:flytrap":1,"minecraft:cobblestone":12},"minecraft:custom":{"minecraft:time_since_rest":2489,"minecraft:sprint_one_cm":45671,"minecraft:damage_taken":913,"minecraft:walk_one_cm":35202,"minecraft:mob_kills":3,"minecraft:drop":2,"minecraft:damage_dealt":1334,"minecraft:swim_one_cm":7087,"minecraft:fly_one_cm":182660,"minecraft:crouch_one_cm":2245,"minecraft:play_time":33120,"minecraft:deaths":2,"minecraft:sneak_time":1215,"minecraft:walk_under_water_one_cm":7552,"minecraft:jump":341,"minecraft:leave_game":3,"minecraft:walk_on_water_one_cm":4506,"minecraft:time_since_death":4888,"minecraft:climb_one_cm":194,"minecraft:total_world_time":33120,"minecraft:fall_one_cm":9000},"minecraft:used":{"alexsmobs:spawn_egg_mantis_shrimp":1,"minecraft:water_bucket":1,"alexsmobs:spawn_egg_triops":1,"alexscaves:submarine":2,"minecraft:gravel":1,"knightquest:paladin_sword":21,"minecraft:torch":2,"alexsmobs:spawn_egg_jerboa":1,"alexsmobs:spawn_egg_caiman":1,"minecraft:cobblestone":1,"minecraft:dirt":1,"minecraft:golden_carrot":2,"minecraft:bow":10,"alexsmobs:spawn_egg_shoebill":1,"minecraft:bucket":1,"alexsmobs:animal_dictionary":1,"iceandfire:myrmex_jungle_pickaxe":55,"minecraft:milk_bucket":1,"minecraft:stripped_spruce_wood":6}},"DataVersion":3465}