{"stats":{"minecraft:killed":{"aquaculture:bluegill":1,"born_in_chaos_v1:restless_spirit":1,"born_in_chaos_v1:zombie_lumberjack":1,"minecraft:spider":1,"born_in_chaos_v1:maggot":3,"aquaculture:catfish":1,"minecraft:skeleton":8,"alexsmobs:bison":1,"born_in_chaos_v1:spiritof_chaos":1,"alexsmobs:seal":1,"born_in_chaos_v1:decrepit_skeleton":1,"minecraft:sheep":2,"minecraft:zombie":9,"born_in_chaos_v1:dread_hound":2,"born_in_chaos_v1:corpse_fly":1,"born_in_chaos_v1:door_knight":1,"minecraft:cow":4},"minecraft:crafted":{"minecraft:oak_planks":32,"minecraft:furnace":1,"minecraft:stone_pickaxe":1,"iceandfire:silver_axe":1,"iceandfire:silver_ingot":5,"minecraft:crafting_table":4,"minecraft:spruce_planks":4,"minecraft:wooden_pickaxe":1,"minecraft:air":0,"biomesoplenty:fir_planks":16,"minecraft:oak_boat":1,"minecraft:iron_chestplate":1,"minecraft:stick":12,"minecraft:iron_ingot":3,"minecraft:iron_pickaxe":1,"minecraft:stone_sword":1,"iceandfire:silver_sword":1},"minecraft:picked_up":{"minecraft:crafting_table":3,"minecraft:coarse_dirt":2,"minecraft:redstone_block":1,"minecraft:green_stained_glass_pane":1,"aquaculture:catfish":1,"minecraft:redstone_lamp":22,"minecraft:gilded_blackstone":1,"tombstone:grave_key":1,"minecraft:chain":1,"minecraft:shield":1,"minecraft:string":3,"minecraft:blue_stained_glass_pane":1,"aquaculture:bluegill":1,"minecraft:beef":16,"minecraft:smooth_quartz":8,"minecraft:chest":2,"minecraft:piston":8,"minecraft:stick":2,"minecraft:raw_iron":14,"minecraft:spruce_stairs":2,"tombstone:grave_dust":4,"minecraft:diorite":6,"minecraft:redstone":34,"minecraft:arrow":49,"minecraft:rotten_flesh":13,"iceandfire:chared_dirt":3,"minecraft:mutton":4,"minecraft:iron_bars":1,"minecraft:skeleton_skull":1,"minecraft:cobblestone":67,"born_in_chaos_v1:corpse_maggot":3,"minecraft:feather":7,"minecraft:cooked_beef":1,"born_in_chaos_v1:monster_flesh":2,"minecraft:andesite":9,"minecraft:leather":4,"minecraft:golden_leggings":1,"minecraft:chiseled_quartz_block":2,"minecraft:potato":5,"biomesoplenty:fir_sapling":1,"minecraft:filled_map":2,"biomesoplenty:fir_log":4,"exposure:aged_photograph":1,"minecraft:oak_log":8,"minecraft:cobblestone_stairs":7,"minecraft:dirt":2,"minecraft:paper":13,"minecraft:bone":7,"minecraft:wheat_seeds":6,"biomesoplenty:fir_boat":2,"minecraft:iron_ingot":2,"tombstone:bag_of_seeds":1,"iceandfire:chared_stone":1,"born_in_chaos_v1:ethereal_spirit":1,"minecraft:gravel":1,"exposure:developed_black_and_white_film":1,"mowziesmobs:wrought_helmet":2,"minecraft:white_bed":3,"minecraft:spruce_log":1,"biomesoplenty:glowing_moss_block":1,"minecraft:spider_eye":1,"minecraft:light_gray_concrete":6,"iceandfire:silver_sword":1,"minecraft:lever":1,"knightquest:small_essence":4,"biomesoplenty:pink_daffodil":1,"tombstone:magic_scroll":1,"minecraft:coal":15,"iceandfire:raw_silver":6},"minecraft:mined":{"biomesoplenty:glowing_moss_block":1,"minecraft:white_bed":2,"iceandfire:silver_ore":6,"minecraft:cobblestone_stairs":8,"iceandfire:chared_dirt":4,"minecraft:gilded_blackstone":1,"minecraft:spawner":4,"minecraft:tall_seagrass":1,"minecraft:iron_ore":14,"minecraft:fire":2,"minecraft:andesite":8,"minecraft:iron_bars":2,"minecraft:light_gray_concrete":6,"minecraft:stone":35,"farmersdelight:wild_potatoes":6,"minecraft:tripwire":1,"minecraft:redstone_block":1,"minecraft:chiseled_quartz_block":2,"minecraft:crafting_table":3,"minecraft:chest":2,"minecraft:tall_grass":1,"minecraft:cobblestone":43,"biomesoplenty:sprout":1,"minecraft:diorite":6,"minecraft:spruce_stairs":2,"minecraft:seagrass":1,"minecraft:coarse_dirt":2,"biomesoplenty:pink_daffodil":1,"biomesoplenty:fir_log":4,"minecraft:grass":7,"minecraft:oak_log":7,"minecraft:coal_ore":15,"biomesoplenty:fir_leaves":17,"minecraft:gravel":3,"minecraft:dirt":2,"minecraft:smooth_quartz":9,"minecraft:piston":10,"minecraft:oak_leaves":6,"minecraft:fern":1,"minecraft:redstone_lamp":22,"iceandfire:chared_stone":1},"minecraft:used":{"minecraft:stone_sword":122,"iceandfire:silver_sword":60,"minecraft:shield":2,"minecraft:stone":88,"aquaculture:bluegill":1,"minecraft:iron_chestplate":1,"minecraft:mutton":4,"mowziesmobs:wrought_helmet":1,"born_in_chaos_v1:corpse_maggot":3,"biomesoplenty:fir_sapling":1,"aquaculture:catfish":1,"minecraft:redstone_lamp":25,"minecraft:beef":16,"iceandfire:chared_stone":1,"minecraft:furnace":1,"tombstone:gift":2,"minecraft:cooked_beef":1,"minecraft:potato":8,"minecraft:cobblestone_stairs":6,"minecraft:oak_planks":4,"minecraft:stone_pickaxe":25,"minecraft:wooden_pickaxe":12,"iceandfire:chared_dirt":2,"minecraft:crafting_table":4,"minecraft:white_bed":2,"iceandfire:silver_axe":10,"tombstone:bag_of_seeds":2,"minecraft:redstone_torch":2,"minecraft:piston":22,"biomesoplenty:pink_daffodil":1,"born_in_chaos_v1:monster_flesh":1,"minecraft:iron_pickaxe":150,"minecraft:golden_leggings":1,"minecraft:cobblestone":38,"minecraft:andesite":8,"minecraft:oak_boat":1,"alexsmobs:animal_dictionary":1,"minecraft:coarse_dirt":1},"minecraft:killed_by":{"minecraft:player":2},"minecraft:custom":{"minecraft:mob_kills":40,"minecraft:interact_with_crafting_table":23,"minecraft:damage_dealt_resisted":565,"minecraft:leave_game":3,"minecraft:time_since_death":8641,"minecraft:climb_one_cm":19574,"minecraft:sprint_one_cm":127332,"minecraft:walk_one_cm":324663,"minecraft:damage_blocked_by_shield":110,"minecraft:drop":57,"minecraft:play_time":106433,"minecraft:deaths":9,"minecraft:sneak_time":5684,"minecraft:walk_under_water_one_cm":60886,"minecraft:boat_one_cm":168284,"minecraft:jump":1851,"minecraft:walk_on_water_one_cm":52636,"minecraft:total_world_time":106433,"minecraft:interact_with_furnace":8,"minecraft:sleep_in_bed":2,"minecraft:time_since_rest":8023,"minecraft:damage_taken":3804,"minecraft:damage_dealt":7506,"minecraft:swim_one_cm":109412,"minecraft:fly_one_cm":315685,"minecraft:open_chest":24,"minecraft:crouch_one_cm":14400,"tombstone:undead_killed":20,"minecraft:inspect_dispenser":3,"minecraft:fall_one_cm":39842},"minecraft:dropped":{"farmersdelight:tomato_seeds":4,"minecraft:enchanted_book":1,"minecraft:blue_stained_glass_pane":1,"iceandfire:raw_silver":1,"minecraft:wheat_seeds":6,"minecraft:lapis_lazuli":7,"minecraft:diamond":1,"iceandfire:chared_dirt":1,"minecraft:feather":7,"minecraft:cobblestone":2,"minecraft:spruce_stairs":2,"minecraft:coal":13,"minecraft:cobblestone_stairs":1,"born_in_chaos_v1:monster_flesh":1,"minecraft:dirt":2,"minecraft:diorite":6,"tombstone:grave_key":2,"minecraft:smooth_quartz":8,"tombstone:grave_dust":5,"minecraft:chain":1,"minecraft:gilded_blackstone":1,"minecraft:string":3,"minecraft:green_stained_glass_pane":1,"minecraft:bone":8,"minecraft:gravel":1,"minecraft:lever":1,"minecraft:iron_nugget":12,"minecraft:chiseled_quartz_block":2,"minecraft:coarse_dirt":1,"minecraft:stone_sword":1,"tombstone:gift":1,"minecraft:rotten_flesh":13,"minecraft:light_gray_concrete":6,"minecraft:white_bed":1,"biomesoplenty:glowing_moss_block":1,"biomesoplenty:fir_planks":3,"minecraft:spruce_planks":4,"minecraft:andesite":1,"minecraft:melon_seeds":1,"minecraft:chest":2,"minecraft:iron_bars":1,"minecraft:wooden_pickaxe":1,"minecraft:stone_pickaxe":1,"minecraft:quartz":12}},"DataVersion":3465}