{"stats":{"minecraft:mined":{"biomesoplenty:watergrass":1,"create:deepslate_zinc_ore":1,"minecraft:tuff":1,"minecraft:spruce_planks":4,"minecraft:mossy_cobblestone":22,"minecraft:deepslate_diamond_ore":1,"minecraft:grass_block":2,"minecraft:redstone_wire":1,"minecraft:coal_block":11,"minecraft:spawner":2,"minecraft:large_fern":1,"minecraft:furnace":2,"biomesoplenty:toadstool":1,"minecraft:iron_ore":2,"minecraft:cobbled_deepslate":1,"minecraft:bookshelf":2,"minecraft:deepslate_iron_ore":16,"minecraft:vine":2,"minecraft:oak_stairs":1,"minecraft:stone":24,"minecraft:tripwire":1,"born_in_chaos_v1:infected_deepslate_diamond_ore":1,"minecraft:torch":1,"minecraft:melon":28,"biomesoplenty:mahogany_planks":6,"minecraft:cobblestone":9,"biomesoplenty:sprout":2,"minecraft:sugar_cane":14,"minecraft:oak_planks":5,"minecraft:wall_torch":2,"minecraft:big_dripleaf":1,"minecraft:skeleton_skull":2,"biomesoplenty:mahogany_log":4,"minecraft:black_bed":5,"minecraft:grass":17,"minecraft:oak_log":18,"minecraft:coal_ore":13,"minecraft:sand":2,"minecraft:cracked_stone_bricks":3,"minecraft:tripwire_hook":1,"minecraft:dispenser":1,"minecraft:stone_bricks":1,"minecraft:mossy_stone_bricks":2,"minecraft:oak_leaves":1,"minecraft:deepslate":10,"minecraft:fern":42},"minecraft:killed_by":{"minecraft:wither_skeleton":1},"minecraft:crafted":{"minecraft:cherry_planks":8,"minecraft:oak_planks":68,"minecraft:furnace":1,"minecraft:diamond_helmet":1,"minecraft:iron_boots":1,"minecraft:stone_pickaxe":1,"minecraft:chest":1,"sophisticatedbackpacks:backpack":1,"minecraft:crafting_table":4,"minecraft:spruce_planks":4,"minecraft:wooden_pickaxe":1,"minecraft:air":0,"minecraft:iron_chestplate":1,"minecraft:shield":1,"minecraft:stick":20,"minecraft:iron_pickaxe":1,"minecraft:iron_ingot":16,"minecraft:stone_sword":1,"minecraft:iron_leggings":1,"minecraft:torch":32,"minecraft:diamond_chestplate":1},"minecraft:used":{"biomesoplenty:mahogany_planks":3,"minecraft:stone_sword":109,"born_in_chaos_v1:intoxicating_decoction":1,"minecraft:spruce_planks":7,"minecraft:shield":1,"minecraft:rotten_flesh":3,"minecraft:torch":18,"minecraft:tuff":1,"minecraft:bamboo":2,"minecraft:golden_carrot":7,"minecraft:furnace":2,"tombstone:gift":3,"minecraft:skeleton_skull":1,"minecraft:cobbled_deepslate":11,"minecraft:iron_leggings":1,"minecraft:water_bucket":43,"minecraft:stone_pickaxe":30,"minecraft:oak_planks":30,"minecraft:wooden_pickaxe":12,"minecraft:leather_chestplate":1,"minecraft:cherry_planks":8,"minecraft:cookie":7,"minecraft:mossy_cobblestone":2,"minecraft:sand":1,"minecraft:crafting_table":5,"minecraft:black_bed":4,"mowziesmobs:wrought_axe":234,"tombstone:bag_of_seeds":1,"born_in_chaos_v1:monster_flesh":1,"minecraft:melon_slice":182,"minecraft:iron_pickaxe":85,"minecraft:cobblestone":27,"minecraft:porkchop":3,"minecraft:cooked_porkchop":3,"minecraft:bucket":44,"alexsmobs:animal_dictionary":1},"minecraft:custom":{"minecraft:mob_kills":61,"minecraft:interact_with_crafting_table":27,"minecraft:open_barrel":30,"minecraft:leave_game":7,"minecraft:time_since_death":9172,"minecraft:climb_one_cm":3964,"minecraft:sprint_one_cm":436181,"minecraft:walk_one_cm":256920,"minecraft:damage_blocked_by_shield":35,"minecraft:drop":198,"minecraft:play_time":139542,"minecraft:sneak_time":3073,"minecraft:deaths":6,"minecraft:walk_under_water_one_cm":27590,"minecraft:jump":3130,"minecraft:interact_with_blast_furnace":1,"minecraft:walk_on_water_one_cm":25466,"minecraft:total_world_time":139542,"minecraft:interact_with_furnace":19,"minecraft:sleep_in_bed":2,"minecraft:time_since_rest":8180,"minecraft:damage_taken":7782,"minecraft:trigger_trapped_chest":3,"minecraft:damage_dealt":14568,"minecraft:swim_one_cm":124993,"minecraft:fly_one_cm":650600,"minecraft:open_chest":9,"minecraft:crouch_one_cm":5607,"tombstone:undead_killed":34,"minecraft:fall_one_cm":118505,"minecraft:inspect_dispenser":1},"minecraft:picked_up":{"minecraft:cocoa_beans":6,"minecraft:crafting_table":1,"born_in_chaos_v1:diamond_termite_shard":1,"iceandfire:witherbone":1,"minecraft:chicken":1,"minecraft:wooden_pickaxe":3,"minecraft:oak_stairs":1,"minecraft:string":7,"minecraft:iron_leggings":1,"born_in_chaos_v1:intoxicating_decoction":2,"minecraft:cracked_stone_bricks":3,"minecraft:gold_nugget":2,"minecraft:cobbled_deepslate":11,"minecraft:bucket":1,"minecraft:spruce_planks":3,"minecraft:coal_block":22,"minecraft:melon_slice":123,"minecraft:sugar_cane":32,"minecraft:furnace":2,"minecraft:egg":1,"minecraft:iron_boots":3,"minecraft:raw_iron":18,"minecraft:torch":3,"sophisticatedbackpacks:backpack":1,"minecraft:porkchop":3,"minecraft:cherry_log":2,"iceandfire:rotten_egg":1,"tombstone:grave_dust":7,"born_in_chaos_v1:pieceofdarkmetal":1,"minecraft:redstone":1,"minecraft:arrow":14,"minecraft:rotten_flesh":29,"minecraft:beetroot_seeds":6,"born_in_chaos_v1:spiny_shell":2,"tombstone:essence_of_undeath":1,"minecraft:gold_ingot":5,"minecraft:skeleton_skull":2,"minecraft:cobblestone":32,"born_in_chaos_v1:corpse_maggot":5,"minecraft:leather_chestplate":3,"minecraft:feather":2,"born_in_chaos_v1:monster_flesh":1,"minecraft:tripwire_hook":1,"minecraft:black_bed":6,"minecraft:leather":5,"minecraft:tuff":1,"create:raw_zinc":2,"minecraft:oak_log":17,"minecraft:lily_pad":1,"minecraft:horn_coral":1,"mowziesmobs:wrought_axe":1,"born_in_chaos_v1:monster_skin":1,"minecraft:bone":15,"mowziesmobs:foliaath_seed":2,"minecraft:wheat_seeds":7,"minecraft:raw_gold":1,"minecraft:iron_ingot":10,"minecraft:mossy_stone_bricks":2,"minecraft:bamboo":2,"minecraft:oak_planks":8,"biomesoplenty:mahogany_planks":4,"minecraft:book":6,"iceandfire:amphithere_feather":2,"minecraft:cooked_porkchop":3,"minecraft:stripped_acacia_wood":1,"minecraft:sand":2,"minecraft:spruce_log":1,"immersive_armors:divine_boots":1,"minecraft:spider_eye":1,"minecraft:mossy_cobblestone":31,"sons_of_sins:flesh_of_demise":1,"biomesoplenty:mahogany_log":1,"minecraft:dispenser":1,"minecraft:diamond":1,"minecraft:iron_helmet":2,"minecraft:oak_sapling":2,"born_in_chaos_v1:rotten_fish":3,"minecraft:coal":16},"minecraft:dropped":{"biomesoplenty:mahogany_log":1,"minecraft:wheat_seeds":7,"minecraft:mossy_cobblestone":17,"minecraft:glass_bottle":1,"mowziesmobs:foliaath_seed":2,"minecraft:iron_helmet":2,"minecraft:cookie":2,"minecraft:feather":2,"minecraft:cobblestone":7,"minecraft:cracked_stone_bricks":3,"born_in_chaos_v1:pieceofdarkmetal":1,"minecraft:coal_block":22,"minecraft:stick":12,"minecraft:dispenser":1,"minecraft:horn_coral":1,"tombstone:grave_dust":8,"minecraft:iron_leggings":1,"minecraft:gold_nugget":2,"minecraft:sand":1,"minecraft:iron_pickaxe":1,"minecraft:string":3,"minecraft:lily_pad":1,"minecraft:tripwire_hook":1,"create:raw_zinc":2,"minecraft:gold_ingot":1,"minecraft:bone":5,"sons_of_sins:flesh_of_demise":1,"minecraft:redstone":1,"minecraft:furnace":1,"minecraft:sugar_cane":30,"minecraft:stone_sword":2,"alexsmobs:animal_dictionary":1,"minecraft:cocoa_beans":6,"tombstone:gift":1,"born_in_chaos_v1:rotten_fish":3,"iceandfire:amphithere_feather":2,"minecraft:chicken":1,"minecraft:rotten_flesh":22,"minecraft:iron_boots":4,"alexsmobs:ancient_dart":2,"sophisticatedbackpacks:backpack":1,"minecraft:leather_chestplate":4,"iceandfire:rotten_egg":1,"minecraft:skeleton_skull":2,"minecraft:iron_chestplate":1,"minecraft:beetroot_seeds":6,"born_in_chaos_v1:spiny_shell":2,"born_in_chaos_v1:corpse_maggot":5,"minecraft:mossy_stone_bricks":2,"minecraft:oak_sapling":3,"born_in_chaos_v1:diamond_termite_shard":1,"minecraft:spider_eye":1,"tombstone:essence_of_undeath":1,"minecraft:arrow":6,"minecraft:stone_pickaxe":2,"minecraft:wooden_pickaxe":6,"minecraft:raw_gold":1,"minecraft:egg":1},"minecraft:killed":{"born_in_chaos_v1:zombie_clown":1,"born_in_chaos_v1:zombie_lumberjack":1,"born_in_chaos_v1:restless_spirit":1,"minecraft:spider":6,"born_in_chaos_v1:thornshell_crab":1,"alexsmobs:gorilla":1,"born_in_chaos_v1:maggot":3,"minecraft:skeleton":5,"mowziesmobs:ferrous_wroughtnaut":1,"minecraft:chicken":1,"born_in_chaos_v1:barrel_zombie":1,"alexsmobs:grizzly_bear":1,"born_in_chaos_v1:diamond_termite":1,"born_in_chaos_v1:baby_skeleton":2,"iceandfire:amphithere":1,"minecraft:hoglin":1,"born_in_chaos_v1:decrepit_skeleton":6,"born_in_chaos_v1:zombie_fisherman":1,"minecraft:zombie":13,"born_in_chaos_v1:dread_hound":2,"iceandfire:ghost":3,"alexsmobs:gazelle":1,"born_in_chaos_v1:corpse_fly":1,"alexsmobs:fly":1,"iceandfire:pixie":1,"minecraft:wither_skeleton":1}},"DataVersion":3465}