{"stats":{"minecraft:mined":{"create:deepslate_zinc_ore":1,"minecraft:tuff":1,"biomesoplenty:watergrass":1,"minecraft:mossy_cobblestone":22,"minecraft:deepslate_diamond_ore":1,"minecraft:grass_block":2,"minecraft:redstone_wire":1,"minecraft:coal_block":11,"minecraft:spawner":1,"minecraft:large_fern":1,"minecraft:furnace":2,"minecraft:iron_ore":2,"minecraft:cobbled_deepslate":1,"minecraft:bookshelf":2,"minecraft:deepslate_iron_ore":16,"minecraft:vine":2,"minecraft:stone":24,"minecraft:tripwire":1,"born_in_chaos_v1:infected_deepslate_diamond_ore":1,"minecraft:torch":1,"minecraft:melon":28,"minecraft:cobblestone":9,"biomesoplenty:sprout":1,"minecraft:sugar_cane":14,"minecraft:big_dripleaf":1,"minecraft:skeleton_skull":2,"minecraft:black_bed":5,"minecraft:grass":16,"minecraft:oak_log":16,"minecraft:coal_ore":13,"minecraft:sand":2,"minecraft:cracked_stone_bricks":3,"minecraft:tripwire_hook":1,"minecraft:dispenser":1,"minecraft:mossy_stone_bricks":1,"minecraft:oak_leaves":1,"minecraft:deepslate":10,"minecraft:fern":35},"minecraft:crafted":{"minecraft:oak_planks":16,"minecraft:furnace":1,"minecraft:iron_boots":1,"minecraft:stone_pickaxe":1,"minecraft:crafting_table":1,"minecraft:wooden_pickaxe":1,"minecraft:air":0,"minecraft:iron_chestplate":1,"minecraft:stick":12,"minecraft:iron_pickaxe":1,"minecraft:iron_ingot":16,"minecraft:stone_sword":1,"minecraft:iron_leggings":1},"minecraft:used":{"minecraft:stone_sword":109,"born_in_chaos_v1:intoxicating_decoction":1,"minecraft:rotten_flesh":3,"minecraft:torch":1,"minecraft:tuff":1,"minecraft:bamboo":2,"minecraft:furnace":2,"tombstone:gift":3,"minecraft:skeleton_skull":1,"minecraft:cobbled_deepslate":11,"minecraft:iron_leggings":1,"minecraft:water_bucket":35,"minecraft:stone_pickaxe":30,"minecraft:oak_planks":6,"minecraft:wooden_pickaxe":12,"minecraft:leather_chestplate":1,"minecraft:cookie":7,"minecraft:mossy_cobblestone":2,"minecraft:sand":1,"minecraft:crafting_table":2,"minecraft:black_bed":4,"mowziesmobs:wrought_axe":141,"minecraft:melon_slice":165,"minecraft:iron_pickaxe":81,"minecraft:cobblestone":27,"minecraft:bucket":36,"alexsmobs:animal_dictionary":1},"minecraft:custom":{"minecraft:mob_kills":44,"minecraft:interact_with_crafting_table":21,"minecraft:open_barrel":20,"minecraft:leave_game":7,"minecraft:time_since_death":15656,"minecraft:climb_one_cm":3964,"minecraft:sprint_one_cm":363473,"minecraft:walk_one_cm":196302,"minecraft:drop":125,"minecraft:play_time":113141,"minecraft:deaths":5,"minecraft:sneak_time":2191,"minecraft:walk_under_water_one_cm":25965,"minecraft:jump":2591,"minecraft:interact_with_blast_furnace":1,"minecraft:walk_on_water_one_cm":23671,"minecraft:total_world_time":113141,"minecraft:interact_with_furnace":19,"minecraft:sleep_in_bed":2,"minecraft:time_since_rest":13257,"minecraft:damage_taken":5124,"minecraft:trigger_trapped_chest":2,"minecraft:damage_dealt":10334,"minecraft:swim_one_cm":117822,"minecraft:fly_one_cm":551364,"minecraft:open_chest":4,"minecraft:crouch_one_cm":3460,"tombstone:undead_killed":23,"minecraft:fall_one_cm":87139,"minecraft:inspect_dispenser":1},"minecraft:picked_up":{"born_in_chaos_v1:diamond_termite_shard":1,"minecraft:crafting_table":1,"minecraft:chicken":1,"minecraft:wooden_pickaxe":3,"minecraft:string":2,"born_in_chaos_v1:intoxicating_decoction":2,"minecraft:cracked_stone_bricks":3,"minecraft:cobbled_deepslate":11,"minecraft:gold_nugget":2,"minecraft:bucket":1,"minecraft:coal_block":22,"minecraft:melon_slice":123,"minecraft:sugar_cane":32,"minecraft:furnace":2,"minecraft:egg":1,"minecraft:iron_boots":1,"minecraft:raw_iron":18,"minecraft:torch":2,"sophisticatedbackpacks:backpack":1,"iceandfire:rotten_egg":1,"tombstone:grave_dust":5,"born_in_chaos_v1:pieceofdarkmetal":1,"minecraft:redstone":1,"minecraft:rotten_flesh":15,"minecraft:arrow":9,"minecraft:gold_ingot":4,"tombstone:essence_of_undeath":1,"born_in_chaos_v1:spiny_shell":2,"minecraft:skeleton_skull":2,"minecraft:cobblestone":32,"born_in_chaos_v1:corpse_maggot":3,"minecraft:leather_chestplate":3,"minecraft:feather":1,"minecraft:tripwire_hook":1,"minecraft:black_bed":6,"minecraft:leather":1,"minecraft:tuff":1,"create:raw_zinc":2,"minecraft:oak_log":15,"minecraft:lily_pad":1,"minecraft:horn_coral":1,"mowziesmobs:wrought_axe":1,"minecraft:bone":10,"minecraft:wheat_seeds":7,"mowziesmobs:foliaath_seed":2,"minecraft:raw_gold":1,"minecraft:iron_ingot":10,"minecraft:mossy_stone_bricks":1,"minecraft:bamboo":2,"minecraft:book":6,"iceandfire:amphithere_feather":2,"minecraft:sand":2,"immersive_armors:divine_boots":1,"minecraft:spider_eye":1,"minecraft:mossy_cobblestone":31,"minecraft:dispenser":1,"minecraft:diamond":1,"minecraft:iron_helmet":1,"minecraft:oak_sapling":2,"born_in_chaos_v1:rotten_fish":3,"minecraft:coal":13},"minecraft:dropped":{"minecraft:wheat_seeds":7,"minecraft:mossy_cobblestone":17,"mowziesmobs:foliaath_seed":2,"minecraft:cookie":2,"minecraft:cracked_stone_bricks":3,"minecraft:coal_block":11,"minecraft:stick":12,"minecraft:dispenser":1,"minecraft:horn_coral":1,"tombstone:grave_dust":1,"minecraft:gold_nugget":2,"minecraft:sand":1,"minecraft:tripwire_hook":1,"minecraft:lily_pad":1,"create:raw_zinc":1,"minecraft:bone":5,"minecraft:sugar_cane":30,"minecraft:stone_sword":2,"alexsmobs:animal_dictionary":1,"tombstone:gift":1,"born_in_chaos_v1:rotten_fish":3,"iceandfire:amphithere_feather":2,"minecraft:chicken":1,"minecraft:rotten_flesh":3,"minecraft:iron_boots":1,"sophisticatedbackpacks:backpack":1,"minecraft:leather_chestplate":4,"iceandfire:rotten_egg":1,"minecraft:skeleton_skull":2,"born_in_chaos_v1:spiny_shell":2,"minecraft:mossy_stone_bricks":1,"born_in_chaos_v1:corpse_maggot":3,"minecraft:oak_sapling":3,"born_in_chaos_v1:diamond_termite_shard":1,"minecraft:spider_eye":1,"tombstone:essence_of_undeath":1,"minecraft:arrow":1,"minecraft:stone_pickaxe":2,"minecraft:wooden_pickaxe":6,"minecraft:raw_gold":1,"minecraft:egg":1},"minecraft:killed":{"born_in_chaos_v1:zombie_clown":1,"minecraft:spider":3,"born_in_chaos_v1:thornshell_crab":1,"alexsmobs:gorilla":1,"born_in_chaos_v1:maggot":3,"minecraft:skeleton":3,"mowziesmobs:ferrous_wroughtnaut":1,"minecraft:chicken":1,"born_in_chaos_v1:barrel_zombie":1,"alexsmobs:grizzly_bear":1,"born_in_chaos_v1:diamond_termite":1,"born_in_chaos_v1:baby_skeleton":2,"iceandfire:amphithere":1,"born_in_chaos_v1:decrepit_skeleton":3,"born_in_chaos_v1:zombie_fisherman":1,"minecraft:zombie":10,"born_in_chaos_v1:dread_hound":1,"iceandfire:ghost":2,"born_in_chaos_v1:corpse_fly":1,"alexsmobs:gazelle":1,"alexsmobs:fly":1,"iceandfire:pixie":1}},"DataVersion":3465}