{"stats":{"minecraft:killed":{"born_in_chaos_v1:decrepit_skeleton":1,"minecraft:zombie":2,"iceandfire:ghost":1,"born_in_chaos_v1:dread_hound":1,"born_in_chaos_v1:corpse_fly":1},"minecraft:mined":{"minecraft:tuff":1,"minecraft:torch":1,"minecraft:grass_block":2,"minecraft:melon":9,"minecraft:cobblestone":1,"minecraft:sugar_cane":5,"minecraft:spawner":1,"minecraft:skeleton_skull":2,"minecraft:cobbled_deepslate":1,"minecraft:grass":10,"minecraft:oak_log":4,"minecraft:deepslate_iron_ore":5,"minecraft:sand":1,"minecraft:cracked_stone_bricks":2,"minecraft:stone":23,"minecraft:fern":15,"minecraft:deepslate":2},"minecraft:crafted":{"minecraft:oak_planks":16,"minecraft:crafting_table":1,"minecraft:wooden_pickaxe":1,"minecraft:stick":12,"minecraft:stone_pickaxe":1,"minecraft:stone_sword":1},"minecraft:used":{"minecraft:water_bucket":6,"minecraft:stone_sword":55,"minecraft:stone_pickaxe":26,"minecraft:oak_planks":6,"minecraft:leather_chestplate":1,"minecraft:wooden_pickaxe":12,"minecraft:rotten_flesh":3,"minecraft:cookie":7,"minecraft:torch":1,"minecraft:sand":1,"minecraft:crafting_table":1,"minecraft:tuff":1,"minecraft:melon_slice":24,"minecraft:cobblestone":5,"minecraft:bucket":6,"tombstone:gift":3,"minecraft:skeleton_skull":1,"alexsmobs:animal_dictionary":1},"minecraft:picked_up":{"minecraft:leather_chestplate":1,"minecraft:wooden_pickaxe":3,"minecraft:tuff":1,"minecraft:oak_log":4,"minecraft:bone":2,"minecraft:cracked_stone_bricks":2,"minecraft:wheat_seeds":1,"mowziesmobs:foliaath_seed":2,"minecraft:cobbled_deepslate":3,"minecraft:bamboo":2,"minecraft:melon_slice":43,"minecraft:sugar_cane":15,"minecraft:raw_iron":5,"minecraft:torch":1,"minecraft:sand":1,"tombstone:grave_dust":1,"minecraft:rotten_flesh":5,"minecraft:oak_sapling":2,"minecraft:skeleton_skull":2,"minecraft:cobblestone":23},"minecraft:custom":{"minecraft:mob_kills":7,"minecraft:interact_with_crafting_table":10,"minecraft:open_barrel":12,"minecraft:leave_game":6,"minecraft:time_since_death":6393,"minecraft:climb_one_cm":1115,"minecraft:time_since_rest":3994,"minecraft:sprint_one_cm":104281,"minecraft:damage_taken":1426,"minecraft:walk_one_cm":57837,"minecraft:trigger_trapped_chest":1,"minecraft:drop":20,"minecraft:damage_dealt":2105,"minecraft:swim_one_cm":67587,"minecraft:fly_one_cm":159073,"minecraft:open_chest":1,"minecraft:crouch_one_cm":773,"minecraft:play_time":37018,"tombstone:undead_killed":4,"minecraft:deaths":3,"minecraft:sneak_time":517,"minecraft:walk_under_water_one_cm":13914,"minecraft:jump":762,"minecraft:interact_with_blast_furnace":1,"minecraft:walk_on_water_one_cm":6037,"minecraft:total_world_time":37018,"minecraft:fall_one_cm":20201},"minecraft:dropped":{"minecraft:sugar_cane":1,"minecraft:wheat_seeds":1,"alexsmobs:animal_dictionary":1,"mowziesmobs:foliaath_seed":2,"minecraft:rotten_flesh":2,"minecraft:cracked_stone_bricks":2,"minecraft:skeleton_skull":1,"minecraft:oak_sapling":3,"tombstone:grave_dust":1,"minecraft:wooden_pickaxe":6}},"DataVersion":3465}