{"stats":{"minecraft:mined":{"biomesoplenty:watergrass":1,"create:deepslate_zinc_ore":1,"minecraft:tuff":4,"minecraft:spruce_planks":4,"iceandfire:silver_ore":1,"minecraft:mossy_cobblestone":22,"minecraft:deepslate_diamond_ore":22,"born_in_chaos_v1:infected_diamond_ore":3,"minecraft:grass_block":2,"minecraft:redstone_wire":1,"minecraft:coal_block":11,"minecraft:gilded_blackstone":14,"minecraft:spawner":4,"minecraft:large_fern":1,"minecraft:raw_iron_block":1,"minecraft:furnace":2,"biomesoplenty:toadstool":1,"minecraft:polished_basalt":1,"minecraft:iron_ore":45,"minecraft:cobbled_deepslate":1,"minecraft:andesite":4,"minecraft:gold_block":1,"minecraft:brown_bed":1,"minecraft:bookshelf":2,"minecraft:deepslate_iron_ore":61,"minecraft:vine":2,"minecraft:oak_stairs":1,"minecraft:stone":35,"minecraft:tripwire":1,"minecraft:blackstone":1,"born_in_chaos_v1:infected_deepslate_diamond_ore":1,"minecraft:torch":1,"minecraft:dark_oak_wood":1,"minecraft:melon":28,"biomesoplenty:mahogany_planks":6,"create:scoria":1,"minecraft:tall_grass":1,"minecraft:cobblestone":9,"biomesoplenty:sprout":2,"minecraft:sugar_cane":14,"minecraft:oak_planks":5,"minecraft:wall_torch":4,"minecraft:big_dripleaf":1,"minecraft:skeleton_skull":2,"minecraft:chain":1,"biomesoplenty:mahogany_log":4,"minecraft:black_bed":5,"minecraft:grass":29,"minecraft:oak_log":18,"minecraft:coal_ore":44,"minecraft:sand":2,"minecraft:cracked_stone_bricks":3,"minecraft:tripwire_hook":1,"minecraft:dispenser":1,"minecraft:stone_bricks":2,"minecraft:mossy_stone_bricks":2,"minecraft:oak_leaves":1,"minecraft:deepslate":32,"minecraft:fern":42},"minecraft:killed_by":{"minecraft:wither_skeleton":1},"minecraft:crafted":{"minecraft:cherry_planks":8,"minecraft:oak_planks":68,"minecraft:raw_iron":9,"minecraft:furnace":1,"minecraft:diamond_leggings":1,"minecraft:diamond_helmet":1,"minecraft:iron_boots":1,"minecraft:stone_pickaxe":1,"minecraft:chest":1,"minecraft:diamond_boots":1,"sophisticatedbackpacks:iron_backpack":1,"sophisticatedbackpacks:backpack":1,"minecraft:crafting_table":4,"minecraft:spruce_planks":4,"minecraft:wooden_pickaxe":1,"minecraft:air":0,"minecraft:iron_chestplate":1,"minecraft:shield":1,"minecraft:stick":20,"minecraft:iron_pickaxe":1,"minecraft:iron_ingot":16,"minecraft:stone_sword":1,"minecraft:iron_leggings":1,"minecraft:torch":32,"minecraft:diamond_chestplate":1},"minecraft:used":{"biomesoplenty:mahogany_planks":5,"minecraft:stone_sword":109,"born_in_chaos_v1:intoxicating_decoction":1,"minecraft:spruce_planks":7,"minecraft:shield":2,"minecraft:rotten_flesh":3,"minecraft:torch":35,"minecraft:tuff":1,"minecraft:bamboo":2,"minecraft:golden_carrot":16,"minecraft:furnace":2,"tombstone:gift":3,"minecraft:skeleton_skull":1,"minecraft:cobbled_deepslate":23,"minecraft:brown_bed":1,"minecraft:iron_leggings":1,"minecraft:water_bucket":69,"farmersdelight:golden_knife":1,"minecraft:stone_pickaxe":30,"minecraft:oak_planks":30,"minecraft:wooden_pickaxe":12,"minecraft:leather_chestplate":1,"minecraft:cherry_planks":8,"minecraft:cookie":7,"minecraft:mossy_cobblestone":2,"minecraft:sand":1,"minecraft:crafting_table":5,"minecraft:black_bed":4,"mowziesmobs:wrought_axe":291,"tombstone:bag_of_seeds":1,"minecraft:bread":9,"born_in_chaos_v1:monster_flesh":1,"minecraft:melon_slice":182,"minecraft:iron_pickaxe":294,"tombstone:magic_scroll":1,"minecraft:cobblestone":27,"minecraft:porkchop":3,"minecraft:cooked_porkchop":3,"minecraft:bucket":71,"alexsmobs:animal_dictionary":1,"minecraft:splash_potion":1},"minecraft:custom":{"minecraft:mob_kills":79,"minecraft:interact_with_crafting_table":32,"minecraft:open_barrel":35,"minecraft:damage_dealt_resisted":515,"minecraft:leave_game":7,"minecraft:time_since_death":15130,"minecraft:climb_one_cm":6327,"minecraft:damage_resisted":3,"minecraft:sprint_one_cm":569142,"minecraft:walk_one_cm":332338,"minecraft:damage_blocked_by_shield":55,"minecraft:drop":237,"minecraft:play_time":187542,"minecraft:sneak_time":4493,"minecraft:deaths":9,"minecraft:walk_under_water_one_cm":36824,"minecraft:jump":4091,"minecraft:interact_with_brewingstand":1,"minecraft:interact_with_blast_furnace":7,"minecraft:walk_on_water_one_cm":38715,"minecraft:total_world_time":187542,"minecraft:interact_with_furnace":21,"minecraft:sleep_in_bed":2,"minecraft:time_since_rest":13811,"minecraft:damage_taken":9893,"minecraft:trigger_trapped_chest":3,"minecraft:damage_dealt":18391,"minecraft:swim_one_cm":174491,"minecraft:fly_one_cm":844126,"minecraft:open_chest":27,"minecraft:crouch_one_cm":9638,"tombstone:undead_killed":45,"minecraft:fall_one_cm":134356,"minecraft:inspect_dispenser":1},"minecraft:picked_up":{"minecraft:splash_potion":1,"minecraft:cocoa_beans":6,"minecraft:crafting_table":1,"born_in_chaos_v1:diamond_termite_shard":1,"iceandfire:witherbone":1,"minecraft:chicken":1,"minecraft:flower_pot":1,"minecraft:wooden_pickaxe":3,"minecraft:oak_stairs":1,"minecraft:brown_bed":1,"minecraft:gold_block":1,"minecraft:potion":2,"minecraft:diamond_horse_armor":1,"minecraft:gilded_blackstone":5,"minecraft:string":7,"minecraft:iron_leggings":1,"born_in_chaos_v1:intoxicating_decoction":2,"minecraft:blackstone":1,"minecraft:cracked_stone_bricks":3,"minecraft:gold_nugget":9,"minecraft:cobbled_deepslate":32,"minecraft:bucket":1,"minecraft:spruce_planks":3,"minecraft:coal_block":22,"minecraft:melon_slice":123,"minecraft:sugar_cane":32,"minecraft:furnace":2,"minecraft:egg":1,"minecraft:iron_boots":3,"minecraft:tipped_arrow":1,"minecraft:raw_iron":105,"minecraft:torch":4,"sophisticatedbackpacks:backpack":1,"minecraft:porkchop":3,"minecraft:cherry_log":2,"iceandfire:rotten_egg":1,"tombstone:grave_dust":9,"born_in_chaos_v1:pieceofdarkmetal":1,"minecraft:redstone":1,"minecraft:arrow":14,"minecraft:rotten_flesh":30,"minecraft:beetroot_seeds":7,"create:scoria":1,"minecraft:polished_basalt":1,"tombstone:scroll_of_aquatic_life":1,"born_in_chaos_v1:spiny_shell":2,"tombstone:essence_of_undeath":1,"minecraft:gold_ingot":5,"minecraft:rail":1,"minecraft:skeleton_skull":2,"minecraft:cobblestone":43,"born_in_chaos_v1:corpse_maggot":6,"minecraft:leather_chestplate":3,"minecraft:feather":2,"born_in_chaos_v1:monster_flesh":1,"minecraft:tripwire_hook":1,"minecraft:andesite":4,"minecraft:black_bed":6,"minecraft:leather":5,"minecraft:crimson_fungus":1,"minecraft:tuff":4,"create:raw_zinc":2,"minecraft:oak_log":17,"minecraft:lily_pad":1,"minecraft:horn_coral":1,"mowziesmobs:wrought_axe":1,"born_in_chaos_v1:monster_skin":1,"minecraft:red_carpet":1,"minecraft:bone":17,"minecraft:apple":4,"minecraft:stone_bricks":1,"mowziesmobs:foliaath_seed":2,"minecraft:wheat_seeds":8,"minecraft:raw_gold":1,"minecraft:iron_ingot":10,"tombstone:bag_of_seeds":2,"minecraft:mossy_stone_bricks":2,"minecraft:bamboo":2,"minecraft:oak_planks":8,"biomesoplenty:mahogany_planks":6,"minecraft:book":6,"iceandfire:amphithere_feather":2,"minecraft:cooked_porkchop":3,"minecraft:raw_iron_block":1,"tombstone:scroll_of_feather_fall":1,"minecraft:stripped_acacia_wood":1,"minecraft:sand":2,"minecraft:spruce_log":1,"immersive_armors:divine_boots":1,"minecraft:spider_eye":2,"minecraft:mossy_cobblestone":31,"sons_of_sins:flesh_of_demise":1,"tombstone:scroll_of_true_sight":1,"biomesoplenty:mahogany_log":1,"minecraft:dispenser":1,"minecraft:diamond":21,"minecraft:iron_helmet":2,"knightquest:small_essence":3,"iceandfire:raw_silver":1,"minecraft:bread":31,"minecraft:dark_oak_wood":1,"minecraft:chorus_fruit":1,"tombstone:magic_scroll":3,"minecraft:oak_sapling":2,"born_in_chaos_v1:rotten_fish":3,"minecraft:coal":45},"minecraft:broken":{"minecraft:iron_leggings":1,"immersive_armors:divine_boots":1},"minecraft:dropped":{"iceandfire:raw_silver":1,"biomesoplenty:mahogany_log":1,"minecraft:wheat_seeds":8,"minecraft:chorus_fruit":1,"minecraft:mossy_cobblestone":17,"minecraft:glass_bottle":1,"mowziesmobs:foliaath_seed":2,"minecraft:iron_helmet":2,"minecraft:cookie":2,"minecraft:feather":2,"minecraft:cobblestone":8,"minecraft:leather":1,"minecraft:cracked_stone_bricks":3,"born_in_chaos_v1:pieceofdarkmetal":1,"minecraft:coal":8,"minecraft:coal_block":22,"minecraft:stick":12,"tombstone:bag_of_seeds":2,"farmersdelight:golden_knife":1,"minecraft:dispenser":1,"tombstone:grave_key":1,"minecraft:dark_oak_wood":1,"minecraft:horn_coral":1,"tombstone:grave_dust":12,"minecraft:potion":2,"minecraft:iron_leggings":1,"minecraft:gold_nugget":2,"minecraft:sand":1,"minecraft:iron_pickaxe":1,"minecraft:string":3,"minecraft:lily_pad":1,"minecraft:tripwire_hook":1,"create:raw_zinc":2,"minecraft:gold_ingot":1,"minecraft:bone":5,"sons_of_sins:flesh_of_demise":1,"minecraft:redstone":1,"minecraft:furnace":1,"minecraft:crimson_fungus":1,"minecraft:sugar_cane":32,"minecraft:stone_sword":2,"alexsmobs:animal_dictionary":1,"minecraft:cocoa_beans":6,"iceandfire:witherbone":1,"tombstone:gift":1,"born_in_chaos_v1:rotten_fish":3,"iceandfire:amphithere_feather":2,"minecraft:chicken":1,"minecraft:rotten_flesh":27,"minecraft:oak_planks":6,"minecraft:iron_boots":4,"alexsmobs:ancient_dart":2,"sophisticatedbackpacks:backpack":1,"minecraft:leather_chestplate":4,"minecraft:tipped_arrow":1,"minecraft:flower_pot":1,"iceandfire:rotten_egg":1,"minecraft:skeleton_skull":2,"minecraft:iron_chestplate":1,"minecraft:beetroot_seeds":6,"born_in_chaos_v1:spiny_shell":2,"born_in_chaos_v1:corpse_maggot":5,"minecraft:mossy_stone_bricks":2,"minecraft:oak_sapling":3,"born_in_chaos_v1:diamond_termite_shard":1,"minecraft:stone_bricks":1,"minecraft:spider_eye":1,"tombstone:essence_of_undeath":1,"minecraft:arrow":12,"minecraft:stone_pickaxe":2,"minecraft:wooden_pickaxe":6,"minecraft:raw_gold":1,"minecraft:egg":2},"minecraft:killed":{"born_in_chaos_v1:zombie_clown":1,"born_in_chaos_v1:zombie_lumberjack":1,"born_in_chaos_v1:restless_spirit":1,"minecraft:spider":6,"born_in_chaos_v1:thornshell_crab":1,"born_in_chaos_v1:baby_skeleton_minion":2,"alexsmobs:gorilla":1,"born_in_chaos_v1:maggot":4,"minecraft:skeleton":5,"mowziesmobs:ferrous_wroughtnaut":1,"minecraft:chicken":1,"born_in_chaos_v1:barrel_zombie":1,"alexsmobs:grizzly_bear":1,"born_in_chaos_v1:bone_imp_minion":4,"born_in_chaos_v1:diamond_termite":6,"born_in_chaos_v1:baby_skeleton":2,"iceandfire:amphithere":1,"minecraft:hoglin":1,"born_in_chaos_v1:decrepit_skeleton":6,"born_in_chaos_v1:zombie_fisherman":1,"minecraft:zombie":17,"born_in_chaos_v1:dread_hound":2,"iceandfire:ghost":3,"born_in_chaos_v1:bonescaller_not_despawn":1,"alexsmobs:gazelle":1,"born_in_chaos_v1:corpse_fly":1,"alexsmobs:fly":1,"iceandfire:pixie":1,"minecraft:wither_skeleton":1,"minecraft:enderman":1}},"DataVersion":3465}