{"stats":{"minecraft:killed":{"born_in_chaos_v1:barrel_zombie":1,"born_in_chaos_v1:zombie_clown":1,"alexsmobs:grizzly_bear":1,"born_in_chaos_v1:diamond_termite":1,"born_in_chaos_v1:baby_skeleton":2,"minecraft:spider":2,"born_in_chaos_v1:thornshell_crab":1,"alexsmobs:gorilla":1,"born_in_chaos_v1:decrepit_skeleton":3,"born_in_chaos_v1:maggot":3,"minecraft:skeleton":3,"born_in_chaos_v1:zombie_fisherman":1,"mowziesmobs:ferrous_wroughtnaut":1,"minecraft:zombie":7,"iceandfire:ghost":2,"born_in_chaos_v1:dread_hound":1,"alexsmobs:fly":1,"minecraft:chicken":1,"born_in_chaos_v1:corpse_fly":1,"alexsmobs:gazelle":1},"minecraft:mined":{"create:deepslate_zinc_ore":1,"minecraft:tuff":1,"biomesoplenty:watergrass":1,"minecraft:deepslate_diamond_ore":1,"born_in_chaos_v1:infected_deepslate_diamond_ore":1,"minecraft:torch":1,"minecraft:grass_block":2,"minecraft:melon":22,"minecraft:cobblestone":1,"biomesoplenty:sprout":1,"minecraft:sugar_cane":13,"minecraft:spawner":1,"minecraft:skeleton_skull":2,"minecraft:furnace":2,"minecraft:cobbled_deepslate":1,"minecraft:grass":14,"minecraft:bookshelf":2,"minecraft:coal_ore":4,"minecraft:oak_log":16,"minecraft:deepslate_iron_ore":16,"minecraft:sand":2,"minecraft:cracked_stone_bricks":3,"minecraft:stone":23,"minecraft:mossy_stone_bricks":1,"minecraft:oak_leaves":1,"minecraft:deepslate":10,"minecraft:fern":30},"minecraft:crafted":{"minecraft:oak_planks":16,"minecraft:crafting_table":1,"minecraft:wooden_pickaxe":1,"minecraft:furnace":1,"minecraft:air":0,"minecraft:iron_boots":1,"minecraft:iron_chestplate":1,"minecraft:stick":12,"minecraft:iron_ingot":16,"minecraft:iron_pickaxe":1,"minecraft:stone_pickaxe":1,"minecraft:iron_leggings":1,"minecraft:stone_sword":1},"minecraft:used":{"minecraft:water_bucket":28,"minecraft:stone_sword":109,"minecraft:stone_pickaxe":30,"minecraft:oak_planks":6,"born_in_chaos_v1:intoxicating_decoction":1,"minecraft:leather_chestplate":1,"minecraft:wooden_pickaxe":12,"minecraft:rotten_flesh":3,"minecraft:cookie":7,"minecraft:torch":1,"minecraft:sand":1,"minecraft:crafting_table":2,"minecraft:tuff":1,"mowziesmobs:wrought_axe":109,"minecraft:iron_pickaxe":26,"minecraft:melon_slice":133,"minecraft:bamboo":2,"minecraft:cobblestone":5,"minecraft:furnace":2,"minecraft:bucket":29,"tombstone:gift":3,"alexsmobs:animal_dictionary":1,"minecraft:skeleton_skull":1,"minecraft:cobbled_deepslate":11,"minecraft:iron_leggings":1},"minecraft:picked_up":{"minecraft:crafting_table":1,"born_in_chaos_v1:corpse_maggot":3,"minecraft:feather":1,"born_in_chaos_v1:diamond_termite_shard":1,"minecraft:leather_chestplate":3,"minecraft:chicken":1,"minecraft:leather":1,"minecraft:wooden_pickaxe":3,"minecraft:tuff":1,"create:raw_zinc":2,"minecraft:oak_log":15,"minecraft:lily_pad":1,"minecraft:horn_coral":1,"mowziesmobs:wrought_axe":1,"born_in_chaos_v1:intoxicating_decoction":2,"minecraft:bone":10,"minecraft:gold_nugget":2,"minecraft:cracked_stone_bricks":3,"minecraft:wheat_seeds":4,"mowziesmobs:foliaath_seed":2,"minecraft:cobbled_deepslate":11,"minecraft:raw_gold":1,"minecraft:bucket":1,"minecraft:iron_ingot":10,"minecraft:mossy_stone_bricks":1,"minecraft:bamboo":2,"minecraft:melon_slice":100,"minecraft:sugar_cane":30,"minecraft:egg":1,"minecraft:furnace":2,"minecraft:book":6,"minecraft:raw_iron":16,"minecraft:torch":2,"minecraft:sand":2,"iceandfire:rotten_egg":1,"tombstone:grave_dust":5,"born_in_chaos_v1:pieceofdarkmetal":1,"minecraft:spider_eye":1,"minecraft:arrow":1,"minecraft:rotten_flesh":15,"minecraft:diamond":1,"minecraft:iron_helmet":1,"born_in_chaos_v1:spiny_shell":2,"tombstone:essence_of_undeath":1,"born_in_chaos_v1:rotten_fish":3,"minecraft:oak_sapling":2,"minecraft:coal":4,"minecraft:skeleton_skull":2,"minecraft:cobblestone":24},"minecraft:custom":{"minecraft:interact_with_furnace":19,"minecraft:mob_kills":38,"minecraft:interact_with_crafting_table":20,"minecraft:open_barrel":15,"minecraft:leave_game":6,"minecraft:time_since_death":49163,"minecraft:climb_one_cm":3791,"minecraft:time_since_rest":46764,"minecraft:sprint_one_cm":248322,"minecraft:damage_taken":2982,"minecraft:walk_one_cm":149975,"minecraft:trigger_trapped_chest":2,"minecraft:drop":49,"minecraft:damage_dealt":8652,"minecraft:swim_one_cm":84942,"minecraft:fly_one_cm":350322,"minecraft:open_chest":2,"minecraft:crouch_one_cm":1526,"minecraft:play_time":79788,"tombstone:undead_killed":20,"minecraft:deaths":3,"minecraft:sneak_time":1264,"minecraft:walk_under_water_one_cm":20173,"minecraft:jump":1732,"minecraft:interact_with_blast_furnace":1,"minecraft:walk_on_water_one_cm":19050,"minecraft:total_world_time":79788,"minecraft:fall_one_cm":47501},"minecraft:dropped":{"minecraft:sugar_cane":1,"minecraft:wheat_seeds":2,"minecraft:stone_sword":2,"alexsmobs:animal_dictionary":1,"mowziesmobs:foliaath_seed":2,"tombstone:gift":1,"born_in_chaos_v1:rotten_fish":1,"minecraft:chicken":1,"minecraft:cookie":2,"minecraft:rotten_flesh":3,"minecraft:cracked_stone_bricks":2,"minecraft:leather_chestplate":4,"iceandfire:rotten_egg":1,"minecraft:skeleton_skull":1,"born_in_chaos_v1:diamond_termite_shard":1,"minecraft:oak_sapling":3,"minecraft:horn_coral":1,"tombstone:grave_dust":1,"minecraft:spider_eye":1,"minecraft:gold_nugget":2,"minecraft:stone_pickaxe":2,"minecraft:wooden_pickaxe":6,"minecraft:lily_pad":1,"create:raw_zinc":1,"minecraft:bone":5,"minecraft:egg":1}},"DataVersion":3465}