{"stats":{"minecraft:killed":{"born_in_chaos_v1:barrel_zombie":1,"born_in_chaos_v1:diamond_termite":1,"born_in_chaos_v1:decrepit_skeleton":2,"minecraft:zombie":2,"iceandfire:ghost":1,"born_in_chaos_v1:dread_hound":1,"born_in_chaos_v1:corpse_fly":1},"minecraft:mined":{"create:deepslate_zinc_ore":1,"minecraft:tuff":1,"minecraft:deepslate_diamond_ore":1,"born_in_chaos_v1:infected_deepslate_diamond_ore":1,"minecraft:torch":1,"minecraft:grass_block":2,"minecraft:melon":9,"minecraft:cobblestone":1,"minecraft:sugar_cane":5,"minecraft:spawner":1,"minecraft:skeleton_skull":2,"minecraft:furnace":1,"minecraft:cobbled_deepslate":1,"minecraft:grass":10,"minecraft:oak_log":4,"minecraft:deepslate_iron_ore":16,"minecraft:sand":1,"minecraft:cracked_stone_bricks":2,"minecraft:stone":23,"minecraft:deepslate":10,"minecraft:fern":15},"minecraft:crafted":{"minecraft:oak_planks":16,"minecraft:crafting_table":1,"minecraft:wooden_pickaxe":1,"minecraft:furnace":1,"minecraft:air":0,"minecraft:stick":12,"minecraft:iron_ingot":9,"minecraft:iron_pickaxe":1,"minecraft:stone_pickaxe":1,"minecraft:stone_sword":1},"minecraft:used":{"minecraft:water_bucket":14,"minecraft:stone_sword":68,"minecraft:stone_pickaxe":30,"minecraft:oak_planks":6,"minecraft:leather_chestplate":1,"minecraft:wooden_pickaxe":12,"minecraft:rotten_flesh":3,"minecraft:cookie":7,"minecraft:torch":1,"minecraft:sand":1,"minecraft:crafting_table":1,"minecraft:tuff":1,"minecraft:iron_pickaxe":19,"minecraft:melon_slice":30,"minecraft:cobblestone":5,"minecraft:furnace":1,"minecraft:bucket":15,"tombstone:gift":3,"alexsmobs:animal_dictionary":1,"minecraft:skeleton_skull":1,"minecraft:cobbled_deepslate":5},"minecraft:picked_up":{"born_in_chaos_v1:diamond_termite_shard":1,"minecraft:leather_chestplate":3,"minecraft:wooden_pickaxe":3,"minecraft:tuff":1,"create:raw_zinc":1,"minecraft:oak_log":4,"minecraft:horn_coral":1,"minecraft:bone":3,"minecraft:gold_nugget":2,"minecraft:cracked_stone_bricks":2,"minecraft:wheat_seeds":1,"mowziesmobs:foliaath_seed":2,"minecraft:cobbled_deepslate":11,"minecraft:raw_gold":1,"minecraft:bamboo":2,"minecraft:melon_slice":43,"minecraft:sugar_cane":15,"minecraft:furnace":1,"minecraft:raw_iron":16,"minecraft:torch":1,"minecraft:sand":1,"tombstone:grave_dust":1,"born_in_chaos_v1:pieceofdarkmetal":1,"minecraft:rotten_flesh":6,"minecraft:diamond":1,"tombstone:essence_of_undeath":1,"born_in_chaos_v1:rotten_fish":1,"minecraft:oak_sapling":2,"minecraft:skeleton_skull":2,"minecraft:cobblestone":23},"minecraft:custom":{"minecraft:interact_with_furnace":11,"minecraft:mob_kills":10,"minecraft:interact_with_crafting_table":18,"minecraft:open_barrel":12,"minecraft:leave_game":6,"minecraft:time_since_death":13163,"minecraft:climb_one_cm":1115,"minecraft:time_since_rest":10764,"minecraft:sprint_one_cm":117460,"minecraft:damage_taken":1542,"minecraft:walk_one_cm":66013,"minecraft:trigger_trapped_chest":1,"minecraft:drop":23,"minecraft:damage_dealt":2738,"minecraft:swim_one_cm":72585,"minecraft:fly_one_cm":183949,"minecraft:open_chest":1,"minecraft:crouch_one_cm":1063,"minecraft:play_time":43788,"tombstone:undead_killed":6,"minecraft:deaths":3,"minecraft:sneak_time":919,"minecraft:walk_under_water_one_cm":17453,"minecraft:jump":919,"minecraft:interact_with_blast_furnace":1,"minecraft:walk_on_water_one_cm":10504,"minecraft:total_world_time":43788,"minecraft:fall_one_cm":23628},"minecraft:dropped":{"minecraft:sugar_cane":1,"minecraft:wheat_seeds":1,"alexsmobs:animal_dictionary":1,"mowziesmobs:foliaath_seed":2,"minecraft:rotten_flesh":2,"minecraft:cracked_stone_bricks":2,"minecraft:leather_chestplate":2,"minecraft:skeleton_skull":1,"minecraft:oak_sapling":3,"tombstone:grave_dust":1,"minecraft:stone_pickaxe":1,"minecraft:wooden_pickaxe":6}},"DataVersion":3465}