{"stats":{"minecraft:crafted":{"minecraft:oak_planks":144,"minecraft:blaze_powder":12,"beyond_earth:compressor":1,"beyond_earth:rocket_nose_cone":1,"minecraft:lever":3,"minecraft:warped_planks":16,"beyond_earth:coal_generator":1,"minecraft:glass":18,"minecraft:diamond_helmet":1,"minecraft:diamond_leggings":1,"minecraft:iron_boots":1,"minecraft:chest":3,"beyond_earth:steel_engine":1,"minecraft:smoker":1,"beyond_earth:engine_fan":2,"minecraft:oak_slab":6,"stalwart_dungeons:tungsten_sword":1,"beyond_earth:space_suit":3,"sophisticatedbackpacks:backpack":1,"minecraft:crafting_table":6,"minecraft:spruce_planks":4,"minecraft:iron_helmet":3,"minecraft:wooden_pickaxe":1,"minecraft:baked_potato":100,"minecraft:red_wool":24,"beyond_earth:hammer":10,"beyond_earth:nasa_workbench":1,"minecraft:iron_chestplate":1,"minecraft:diamond_pickaxe":1,"minecraft:shield":1,"minecraft:stick":68,"minecraft:iron_ingot":104,"minecraft:iron_pickaxe":1,"minecraft:stone_sword":1,"beyond_earth:space_boots":3,"minecraft:redstone_torch":2,"minecraft:shears":1,"minecraft:cherry_planks":8,"beyond_earth:iron_rod":6,"minecraft:raw_iron":54,"minecraft:tripwire_hook":2,"beyond_earth:water_separator":1,"minecraft:iron_nugget":36,"minecraft:furnace":3,"beyond_earth:fuel_refinery":1,"minecraft:bone_meal":111,"minecraft:pink_dye":2,"minecraft:oak_trapdoor":2,"beyond_earth:rocket_fin":4,"beyond_earth:space_helmet":3,"minecraft:stone_pickaxe":1,"beyond_earth:iron_plate":82,"minecraft:diamond_boots":1,"beyond_earth:space_pants":3,"minecraft:wheat":18,"sophisticatedbackpacks:iron_backpack":1,"minecraft:red_dye":28,"minecraft:diamond_sword":1,"beyond_earth:oxygen_gear":3,"sophisticatedbackpacks:gold_backpack":1,"minecraft:bucket":10,"minecraft:orange_dye":2,"beyond_earth:engine_frame":1,"minecraft:bread":5,"minecraft:air":0,"minecraft:white_wool":5,"beyond_earth:oxygen_tank":7,"minecraft:golden_apple":4,"minecraft:white_dye":16,"minecraft:iron_shovel":1,"minecraft:iron_leggings":1,"beyond_earth:steel_ingot":53,"beyond_earth:steel_tank":2,"minecraft:torch":60,"minecraft:diamond_chestplate":1},"minecraft:killed_by":{"minecraft:wither_skeleton":1},"minecraft:broken":{"minecraft:iron_leggings":1,"immersive_armors:divine_boots":1,"minecraft:shield":1},"minecraft:custom":{"minecraft:interact_with_crafting_table":150,"minecraft:open_barrel":35,"minecraft:leave_game":9,"minecraft:time_since_death":203587,"minecraft:damage_resisted":7,"minecraft:sprint_one_cm":884788,"minecraft:damage_blocked_by_shield":505,"minecraft:drop":478,"minecraft:talked_to_villager":1,"minecraft:play_time":375999,"minecraft:deaths":9,"minecraft:jump":7174,"minecraft:interact_with_brewingstand":1,"minecraft:walk_on_water_one_cm":61821,"minecraft:interact_with_furnace":40,"minecraft:sleep_in_bed":4,"minecraft:damage_dealt":24608,"minecraft:player_kills":1,"minecraft:crouch_one_cm":15821,"tombstone:undead_killed":56,"tombstone:villager_killed":1,"minecraft:interact_with_smoker":16,"minecraft:inspect_dispenser":1,"minecraft:mob_kills":107,"minecraft:damage_dealt_resisted":515,"minecraft:climb_one_cm":10010,"minecraft:walk_one_cm":586569,"minecraft:sneak_time":6859,"minecraft:walk_under_water_one_cm":45956,"minecraft:interact_with_blast_furnace":97,"minecraft:total_world_time":375999,"minecraft:time_since_rest":23260,"minecraft:damage_taken":13480,"minecraft:trigger_trapped_chest":3,"minecraft:swim_one_cm":188828,"minecraft:fly_one_cm":1509338,"minecraft:open_chest":263,"minecraft:fall_one_cm":259493},"minecraft:used":{"beyond_earth:coal_generator":1,"minecraft:iron_shovel":128,"born_in_chaos_v1:intoxicating_decoction":1,"minecraft:chest":2,"minecraft:shield":45,"minecraft:nether_wart":1,"minecraft:rotten_flesh":3,"minecraft:nether_bricks":1,"minecraft:tuff":1,"minecraft:lava_bucket":1,"iceandfire:crackled_gravel":2,"beyond_earth:water_separator":1,"minecraft:cooked_cod":4,"minecraft:furnace":2,"minecraft:skeleton_skull":1,"minecraft:egg":4,"minecraft:potato":58,"beyond_earth:compressor":4,"minecraft:oak_planks":38,"minecraft:stone_pickaxe":30,"minecraft:wooden_pickaxe":12,"minecraft:leather_chestplate":1,"stalwart_dungeons:transient_block_close":7,"beyond_earth:fuel_refinery":2,"minecraft:cookie":7,"minecraft:sand":1,"minecraft:black_bed":4,"minecraft:shears":6,"minecraft:lever":3,"minecraft:crying_obsidian":1,"born_in_chaos_v1:monster_flesh":1,"minecraft:melon_slice":182,"minecraft:bread":43,"minecraft:string":12,"minecraft:diamond_sword":32,"minecraft:bone_meal":93,"minecraft:experience_bottle":1,"minecraft:oak_trapdoor":2,"biomesoplenty:mahogany_planks":5,"minecraft:stone_sword":109,"minecraft:spruce_planks":7,"minecraft:netherrack":19,"minecraft:torch":51,"minecraft:dirt":1,"minecraft:twisting_vines":24,"minecraft:bamboo":2,"minecraft:basalt":3,"minecraft:tripwire_hook":5,"minecraft:golden_carrot":16,"tombstone:gift":3,"beyond_earth:space_suit":1,"minecraft:brown_bed":1,"minecraft:cobbled_deepslate":23,"minecraft:iron_leggings":1,"beyond_earth:nasa_workbench":1,"minecraft:water_bucket":100,"minecraft:baked_potato":29,"farmersdelight:golden_knife":1,"minecraft:cherry_planks":8,"minecraft:polished_blackstone_bricks":9,"minecraft:gilded_blackstone":3,"minecraft:mossy_cobblestone":2,"minecraft:oak_slab":7,"minecraft:crafting_table":6,"minecraft:warped_planks":10,"minecraft:smoker":2,"mowziesmobs:wrought_axe":347,"tombstone:bag_of_seeds":1,"minecraft:diamond_pickaxe":232,"minecraft:iron_pickaxe":377,"tombstone:magic_scroll":1,"stalwart_dungeons:tungsten_sword":65,"minecraft:cobblestone":99,"minecraft:porkchop":3,"minecraft:cooked_porkchop":4,"minecraft:bucket":116,"alexsmobs:animal_dictionary":1,"minecraft:splash_potion":1},"minecraft:picked_up":{"minecraft:wheat":3,"minecraft:flower_pot":1,"crittersandcompanions:silk_cocoon":2,"minecraft:oak_stairs":1,"minecraft:brown_bed":1,"minecraft:potion":2,"minecraft:gilded_blackstone":11,"minecraft:nether_brick":19,"alexsmobs:gazelle_horn":2,"minecraft:string":23,"minecraft:iron_leggings":1,"minecraft:gold_nugget":9,"minecraft:cobbled_deepslate":53,"minecraft:bucket":2,"minecraft:spruce_planks":3,"minecraft:iron_pickaxe":1,"minecraft:melon_slice":123,"minecraft:coal_block":22,"minecraft:iron_boots":3,"minecraft:furnace":5,"minecraft:tipped_arrow":1,"minecraft:oak_fence":16,"minecraft:torch":6,"minecraft:porkchop":3,"minecraft:cherry_log":2,"iceandfire:rotten_egg":1,"iceandfire:crackled_gravel":2,"tombstone:grave_dust":16,"beyond_earth:rocket":1,"minecraft:rotten_flesh":32,"create:scoria":1,"minecraft:polished_basalt":1,"tombstone:scroll_of_aquatic_life":1,"minecraft:blaze_rod":6,"minecraft:obsidian":1,"minecraft:cobblestone":158,"minecraft:leather_chestplate":3,"minecraft:feather":8,"minecraft:water_bucket":1,"minecraft:andesite":5,"minecraft:black_bed":6,"alexsmobs:bison_fur":2,"minecraft:smoker":1,"minecraft:potato":148,"minecraft:tuff":20,"create:raw_zinc":2,"minecraft:horn_coral":1,"minecraft:dirt":4,"minecraft:twisting_vines":64,"born_in_chaos_v1:monster_skin":1,"born_in_chaos_v1:marigolds":2,"minecraft:bone":19,"minecraft:wheat_seeds":37,"minecraft:raw_gold":1,"minecraft:mossy_stone_bricks":2,"minecraft:bamboo":2,"minecraft:oak_planks":42,"biomesoplenty:mahogany_planks":6,"iceandfire:amphithere_feather":2,"minecraft:cooked_porkchop":4,"minecraft:stripped_acacia_wood":1,"tombstone:scroll_of_feather_fall":1,"minecraft:sand":130,"immersive_armors:divine_boots":1,"minecraft:mossy_cobblestone":31,"sons_of_sins:flesh_of_demise":1,"minecraft:bundle":1,"minecraft:dispenser":1,"minecraft:diamond":32,"minecraft:lever":2,"knightquest:small_essence":3,"minecraft:bone_meal":2,"minecraft:grass":1,"minecraft:bread":40,"minecraft:oak_sapling":3,"born_in_chaos_v1:rotten_fish":3,"minecraft:netherrack":29,"minecraft:chorus_fruit":1,"minecraft:crimson_roots":1,"iceandfire:raw_silver":1,"minecraft:diamond_pickaxe":1,"minecraft:crafting_table":1,"minecraft:cocoa_beans":6,"born_in_chaos_v1:diamond_termite_shard":1,"iceandfire:witherbone":1,"minecraft:splash_potion":1,"minecraft:chicken":1,"minecraft:nether_wart":1,"minecraft:wooden_pickaxe":3,"minecraft:pink_wool":3,"minecraft:gold_block":1,"minecraft:diamond_horse_armor":1,"born_in_chaos_v1:intoxicating_decoction":2,"minecraft:blackstone":14,"beyond_earth:fuel_refinery":1,"minecraft:cracked_stone_bricks":3,"minecraft:beef":8,"minecraft:iron_nugget":1,"minecraft:poppy":30,"minecraft:light_gray_wool":7,"minecraft:sugar_cane":32,"minecraft:chest":2,"minecraft:egg":1,"minecraft:raw_iron":188,"sophisticatedbackpacks:backpack":1,"stalwart_dungeons:tungsten_sword":1,"minecraft:polished_blackstone_bricks":9,"minecraft:white_dye":2,"born_in_chaos_v1:pieceofdarkmetal":1,"minecraft:redstone":35,"minecraft:arrow":17,"minecraft:cooked_cod":4,"minecraft:beetroot_seeds":7,"minecraft:nether_bricks":1,"beyond_earth:space_helmet":1,"minecraft:hay_block":2,"born_in_chaos_v1:spiny_shell":2,"tombstone:essence_of_undeath":1,"minecraft:gold_ingot":5,"minecraft:mutton":2,"minecraft:rail":1,"minecraft:skeleton_skull":2,"minecraft:white_wool":45,"minecraft:stripped_oak_log":4,"born_in_chaos_v1:corpse_maggot":6,"minecraft:basalt":3,"born_in_chaos_v1:monster_flesh":1,"minecraft:tripwire_hook":4,"minecraft:leather":5,"minecraft:fern":1,"minecraft:crimson_fungus":1,"minecraft:oak_log":27,"minecraft:lily_pad":1,"minecraft:ancient_debris":2,"mowziesmobs:wrought_axe":1,"tombstone:gift":1,"minecraft:red_carpet":1,"minecraft:apple":4,"minecraft:stone_bricks":1,"mowziesmobs:foliaath_seed":2,"minecraft:warped_stem":4,"minecraft:iron_ingot":21,"tombstone:bag_of_seeds":2,"minecraft:book":6,"stalwart_dungeons:transient_block_close":7,"minecraft:oak_slab":1,"born_in_chaos_v1:lifestealer_bone":4,"minecraft:dandelion":1,"minecraft:raw_iron_block":4,"minecraft:spruce_log":1,"minecraft:crying_obsidian":4,"minecraft:spider_eye":4,"tombstone:scroll_of_true_sight":1,"beyond_earth:compressor":3,"biomesoplenty:mahogany_log":1,"minecraft:iron_helmet":2,"minecraft:warped_roots":3,"tombstone:magic_scroll":3,"minecraft:dark_oak_wood":1,"minecraft:coal":51},"minecraft:killed":{"born_in_chaos_v1:lifestealer_true_form":1,"born_in_chaos_v1:zombie_clown":1,"born_in_chaos_v1:zombie_lumberjack":2,"born_in_chaos_v1:restless_spirit":1,"minecraft:spider":8,"born_in_chaos_v1:baby_skeleton_minion":2,"minecraft:skeleton":8,"minecraft:chicken":1,"born_in_chaos_v1:firelight_not_despawn":1,"alexsmobs:grizzly_bear":1,"born_in_chaos_v1:diamond_termite":8,"stalwart_dungeons:giddy_blaze":5,"born_in_chaos_v1:zombie_fisherman":1,"minecraft:zombie":21,"born_in_chaos_v1:dread_hound":2,"born_in_chaos_v1:corpse_fly":1,"alexsmobs:fly":1,"iceandfire:pixie":1,"born_in_chaos_v1:thornshell_crab":1,"born_in_chaos_v1:maggot":4,"alexsmobs:gorilla":1,"mowziesmobs:ferrous_wroughtnaut":1,"alexsmobs:bison":1,"born_in_chaos_v1:corpse_fish":1,"born_in_chaos_v1:barrel_zombie":2,"born_in_chaos_v1:spiritof_chaos":1,"born_in_chaos_v1:bone_imp_minion":4,"born_in_chaos_v1:baby_skeleton":2,"iceandfire:amphithere":1,"mowziesmobs:umvuthana_follower_raptor":1,"minecraft:hoglin":1,"born_in_chaos_v1:decrepit_skeleton":7,"iceandfire:ghost":3,"alexsmobs:gazelle":3,"born_in_chaos_v1:bonescaller_not_despawn":1,"minecraft:wither_skeleton":1,"minecraft:villager":1,"minecraft:enderman":1},"minecraft:dropped":{"iceandfire:raw_silver":1,"minecraft:orange_dye":2,"minecraft:baked_potato":29,"minecraft:chorus_fruit":1,"minecraft:glass_bottle":1,"minecraft:cookie":2,"minecraft:warped_roots":3,"minecraft:leather":1,"minecraft:cracked_stone_bricks":3,"born_in_chaos_v1:pieceofdarkmetal":1,"alexsmobs:bison_fur":1,"minecraft:emerald":1,"tombstone:bag_of_seeds":2,"minecraft:dispenser":1,"minecraft:mutton":2,"minecraft:dark_oak_wood":1,"minecraft:crimson_roots":1,"minecraft:horn_coral":1,"minecraft:gold_nugget":2,"minecraft:gilded_blackstone":6,"minecraft:bone_meal":4,"minecraft:sand":1,"minecraft:iron_pickaxe":2,"stalwart_dungeons:tungsten_sword":1,"sons_of_sins:flesh_of_demise":1,"minecraft:gold_ingot":1,"minecraft:bone":6,"minecraft:crimson_fungus":1,"minecraft:blackstone":13,"minecraft:sugar_cane":32,"minecraft:iron_nugget":1,"alexsmobs:gazelle_horn":2,"minecraft:cobbled_deepslate":1,"alexsmobs:animal_dictionary":1,"minecraft:nether_brick":19,"minecraft:twisting_vines":40,"minecraft:pink_dye":1,"minecraft:wheat":6,"minecraft:obsidian":1,"tombstone:gift":3,"minecraft:rotten_flesh":27,"minecraft:oak_planks":6,"minecraft:poppy":2,"minecraft:oak_fence_gate":3,"minecraft:leather_chestplate":4,"minecraft:tipped_arrow":1,"minecraft:skeleton_skull":2,"minecraft:beetroot_seeds":6,"born_in_chaos_v1:corpse_maggot":5,"born_in_chaos_v1:diamond_termite_shard":1,"minecraft:chest":2,"minecraft:white_dye":3,"minecraft:arrow":13,"minecraft:crying_obsidian":3,"minecraft:netherrack":10,"minecraft:egg":2,"biomesoplenty:mahogany_log":1,"minecraft:water_bucket":1,"minecraft:bread":2,"minecraft:wheat_seeds":71,"minecraft:mossy_cobblestone":17,"mowziesmobs:foliaath_seed":2,"minecraft:oak_fence":31,"minecraft:iron_helmet":2,"minecraft:feather":8,"minecraft:cobblestone":17,"minecraft:coal":8,"minecraft:coal_block":22,"minecraft:stick":12,"farmersdelight:golden_knife":1,"tombstone:grave_key":1,"tombstone:grave_dust":17,"minecraft:potion":2,"minecraft:iron_leggings":1,"minecraft:string":3,"minecraft:lily_pad":1,"minecraft:tripwire_hook":1,"create:raw_zinc":2,"minecraft:dandelion":1,"minecraft:redstone":1,"minecraft:furnace":1,"minecraft:stone_sword":2,"minecraft:cocoa_beans":6,"minecraft:tuff":5,"iceandfire:witherbone":1,"born_in_chaos_v1:rotten_fish":3,"iceandfire:amphithere_feather":2,"minecraft:chicken":1,"minecraft:iron_boots":4,"alexsmobs:ancient_dart":2,"sophisticatedbackpacks:backpack":1,"iceandfire:armor_copper_metal_helmet":1,"minecraft:diamond_sword":1,"minecraft:flower_pot":1,"iceandfire:rotten_egg":1,"minecraft:bundle":1,"minecraft:diamond_pickaxe":1,"minecraft:iron_chestplate":1,"born_in_chaos_v1:spiny_shell":2,"minecraft:mossy_stone_bricks":2,"minecraft:oak_sapling":6,"minecraft:spider_eye":1,"minecraft:stone_bricks":1,"tombstone:essence_of_undeath":1,"knightquest:small_essence":2,"minecraft:stone_pickaxe":2,"minecraft:wooden_pickaxe":6,"minecraft:raw_gold":1,"crittersandcompanions:silk_cocoon":1},"minecraft:mined":{"create:deepslate_zinc_ore":1,"minecraft:spruce_planks":4,"minecraft:farmland":1,"iceandfire:copper_pile":3,"beyond_earth:fuel_refinery":1,"minecraft:obsidian":1,"minecraft:grass_block":3,"minecraft:coal_block":11,"minecraft:nether_wart":1,"minecraft:spawner":5,"minecraft:gilded_blackstone":19,"minecraft:raw_iron_block":4,"minecraft:magma_block":1,"minecraft:iron_ore":53,"minecraft:fire":6,"minecraft:cobbled_deepslate":1,"minecraft:brown_bed":1,"minecraft:twisting_vines":11,"minecraft:oak_stairs":1,"minecraft:tripwire":6,"minecraft:deepslate_redstone_ore":8,"minecraft:brown_mushroom":1,"minecraft:blackstone":9,"minecraft:twisting_vines_plant":19,"minecraft:smoker":1,"stalwart_dungeons:transient_block_close":7,"born_in_chaos_v1:infected_deepslate_diamond_ore":2,"minecraft:torch":1,"minecraft:dark_oak_wood":1,"minecraft:poppy":30,"minecraft:melon":28,"minecraft:chest":1,"create:scoria":1,"minecraft:cobblestone":41,"minecraft:oak_planks":5,"minecraft:sugar_cane":14,"minecraft:wall_torch":5,"beyond_earth:compressor":3,"minecraft:skeleton_skull":2,"minecraft:chain":1,"minecraft:black_bed":5,"minecraft:grass":40,"minecraft:oak_log":28,"minecraft:sand":130,"minecraft:tripwire_hook":2,"minecraft:ancient_debris":2,"minecraft:dispenser":1,"minecraft:netherrack":25,"minecraft:oak_leaves":1,"minecraft:deepslate":55,"minecraft:crying_obsidian":1,"biomesoplenty:watergrass":1,"minecraft:tuff":20,"iceandfire:silver_ore":1,"minecraft:mossy_cobblestone":22,"minecraft:deepslate_diamond_ore":32,"born_in_chaos_v1:infected_diamond_ore":3,"iceandfire:crackled_gravel":1,"minecraft:lever":2,"minecraft:redstone_wire":1,"minecraft:large_fern":1,"minecraft:hay_block":2,"minecraft:furnace":5,"biomesoplenty:toadstool":1,"minecraft:polished_basalt":1,"minecraft:andesite":5,"minecraft:gold_block":1,"minecraft:bookshelf":2,"minecraft:potatoes":42,"minecraft:deepslate_iron_ore":125,"minecraft:vine":2,"minecraft:warped_stem":4,"crittersandcompanions:silk_cocoon":1,"minecraft:stripped_oak_log":4,"bosses_of_mass_destruction:gauntlet_blackstone":1,"minecraft:stone":111,"minecraft:oak_slab":1,"born_in_chaos_v1:marigolds":2,"minecraft:dandelion":1,"minecraft:oak_fence":1,"biomesoplenty:mahogany_planks":6,"minecraft:warped_roots":2,"minecraft:tall_grass":1,"biomesoplenty:sprout":2,"minecraft:big_dripleaf":1,"biomesoplenty:mahogany_log":4,"minecraft:coal_ore":50,"minecraft:cracked_stone_bricks":3,"minecraft:stone_bricks":2,"minecraft:mossy_stone_bricks":2,"minecraft:fern":43}},"DataVersion":3465}