{"stats":{"minecraft:mined":{"create:deepslate_zinc_ore":1,"minecraft:spruce_planks":4,"minecraft:grass_block":2,"minecraft:coal_block":11,"minecraft:gilded_blackstone":14,"minecraft:spawner":4,"minecraft:raw_iron_block":3,"minecraft:iron_ore":53,"minecraft:cobbled_deepslate":1,"minecraft:brown_bed":1,"minecraft:oak_stairs":1,"minecraft:tripwire":1,"minecraft:deepslate_redstone_ore":8,"minecraft:blackstone":1,"born_in_chaos_v1:infected_deepslate_diamond_ore":1,"minecraft:torch":1,"minecraft:dark_oak_wood":1,"minecraft:melon":28,"create:scoria":1,"minecraft:cobblestone":9,"minecraft:sugar_cane":14,"minecraft:oak_planks":5,"minecraft:wall_torch":5,"minecraft:skeleton_skull":2,"minecraft:chain":1,"minecraft:black_bed":5,"minecraft:grass":29,"minecraft:oak_log":18,"minecraft:sand":2,"minecraft:tripwire_hook":1,"minecraft:dispenser":1,"minecraft:oak_leaves":1,"minecraft:deepslate":33,"minecraft:tuff":9,"biomesoplenty:watergrass":1,"iceandfire:silver_ore":1,"minecraft:mossy_cobblestone":22,"minecraft:deepslate_diamond_ore":22,"born_in_chaos_v1:infected_diamond_ore":3,"minecraft:redstone_wire":1,"minecraft:large_fern":1,"minecraft:furnace":4,"biomesoplenty:toadstool":1,"minecraft:polished_basalt":1,"minecraft:andesite":4,"minecraft:gold_block":1,"minecraft:bookshelf":2,"minecraft:deepslate_iron_ore":88,"minecraft:vine":2,"minecraft:stone":40,"biomesoplenty:mahogany_planks":6,"minecraft:tall_grass":1,"biomesoplenty:sprout":2,"minecraft:big_dripleaf":1,"biomesoplenty:mahogany_log":4,"minecraft:coal_ore":44,"minecraft:cracked_stone_bricks":3,"minecraft:stone_bricks":2,"minecraft:mossy_stone_bricks":2,"minecraft:fern":42},"minecraft:killed_by":{"minecraft:wither_skeleton":1},"minecraft:crafted":{"minecraft:oak_planks":68,"beyond_earth:compressor":1,"beyond_earth:coal_generator":1,"minecraft:diamond_helmet":1,"minecraft:diamond_leggings":1,"minecraft:iron_boots":1,"minecraft:chest":1,"sophisticatedbackpacks:backpack":1,"minecraft:crafting_table":4,"minecraft:spruce_planks":4,"minecraft:wooden_pickaxe":1,"beyond_earth:hammer":2,"minecraft:iron_chestplate":1,"minecraft:diamond_pickaxe":1,"minecraft:shield":1,"minecraft:stick":36,"minecraft:iron_ingot":99,"minecraft:iron_pickaxe":1,"minecraft:stone_sword":1,"minecraft:cherry_planks":8,"minecraft:raw_iron":9,"minecraft:iron_nugget":9,"minecraft:furnace":1,"minecraft:stone_pickaxe":1,"beyond_earth:iron_plate":5,"minecraft:diamond_boots":1,"sophisticatedbackpacks:iron_backpack":1,"minecraft:diamond_sword":1,"sophisticatedbackpacks:gold_backpack":1,"minecraft:air":0,"minecraft:iron_leggings":1,"beyond_earth:steel_ingot":4,"minecraft:torch":60,"minecraft:diamond_chestplate":1},"minecraft:used":{"beyond_earth:coal_generator":1,"born_in_chaos_v1:intoxicating_decoction":1,"minecraft:shield":4,"minecraft:rotten_flesh":3,"minecraft:tuff":1,"minecraft:furnace":2,"minecraft:skeleton_skull":1,"minecraft:egg":4,"beyond_earth:compressor":1,"minecraft:stone_pickaxe":30,"minecraft:oak_planks":30,"minecraft:leather_chestplate":1,"minecraft:wooden_pickaxe":12,"minecraft:cookie":7,"minecraft:sand":1,"minecraft:black_bed":4,"minecraft:melon_slice":182,"born_in_chaos_v1:monster_flesh":1,"minecraft:bread":11,"minecraft:diamond_sword":4,"biomesoplenty:mahogany_planks":5,"minecraft:stone_sword":109,"minecraft:spruce_planks":7,"minecraft:torch":50,"minecraft:bamboo":2,"minecraft:golden_carrot":16,"tombstone:gift":3,"minecraft:cobbled_deepslate":23,"minecraft:brown_bed":1,"minecraft:iron_leggings":1,"minecraft:water_bucket":86,"farmersdelight:golden_knife":1,"minecraft:cherry_planks":8,"minecraft:mossy_cobblestone":2,"minecraft:crafting_table":5,"mowziesmobs:wrought_axe":291,"tombstone:bag_of_seeds":1,"minecraft:diamond_pickaxe":59,"minecraft:iron_pickaxe":294,"tombstone:magic_scroll":1,"minecraft:cobblestone":27,"minecraft:cooked_porkchop":3,"minecraft:porkchop":3,"minecraft:bucket":87,"alexsmobs:animal_dictionary":1,"minecraft:splash_potion":1},"minecraft:custom":{"minecraft:interact_with_crafting_table":53,"minecraft:open_barrel":35,"minecraft:leave_game":7,"minecraft:time_since_death":35517,"minecraft:damage_resisted":3,"minecraft:sprint_one_cm":588480,"minecraft:damage_blocked_by_shield":185,"minecraft:drop":240,"minecraft:play_time":207929,"minecraft:deaths":9,"minecraft:jump":4280,"minecraft:interact_with_brewingstand":1,"minecraft:walk_on_water_one_cm":46502,"minecraft:interact_with_furnace":23,"minecraft:sleep_in_bed":3,"minecraft:damage_dealt":18711,"minecraft:crouch_one_cm":10744,"tombstone:undead_killed":46,"minecraft:inspect_dispenser":1,"minecraft:mob_kills":81,"minecraft:damage_dealt_resisted":515,"minecraft:climb_one_cm":6417,"minecraft:walk_one_cm":347628,"minecraft:sneak_time":5041,"minecraft:walk_under_water_one_cm":39281,"minecraft:interact_with_blast_furnace":29,"minecraft:total_world_time":207929,"minecraft:time_since_rest":6736,"minecraft:damage_taken":9982,"minecraft:trigger_trapped_chest":3,"minecraft:swim_one_cm":176899,"minecraft:fly_one_cm":875134,"minecraft:open_chest":46,"minecraft:fall_one_cm":142147},"minecraft:picked_up":{"minecraft:flower_pot":1,"minecraft:oak_stairs":1,"minecraft:brown_bed":1,"minecraft:potion":2,"minecraft:gilded_blackstone":5,"minecraft:string":7,"minecraft:iron_leggings":1,"minecraft:cobbled_deepslate":33,"minecraft:gold_nugget":9,"minecraft:bucket":1,"minecraft:spruce_planks":3,"minecraft:melon_slice":123,"minecraft:coal_block":22,"minecraft:furnace":4,"minecraft:iron_boots":3,"minecraft:tipped_arrow":1,"minecraft:torch":6,"minecraft:porkchop":3,"minecraft:cherry_log":2,"iceandfire:rotten_egg":1,"tombstone:grave_dust":10,"minecraft:rotten_flesh":30,"create:scoria":1,"minecraft:polished_basalt":1,"tombstone:scroll_of_aquatic_life":1,"minecraft:cobblestone":48,"minecraft:leather_chestplate":3,"minecraft:feather":2,"minecraft:water_bucket":1,"minecraft:andesite":4,"minecraft:black_bed":6,"create:raw_zinc":2,"minecraft:tuff":9,"minecraft:horn_coral":1,"born_in_chaos_v1:monster_skin":1,"minecraft:bone":18,"minecraft:wheat_seeds":8,"minecraft:raw_gold":1,"minecraft:mossy_stone_bricks":2,"minecraft:bamboo":2,"minecraft:oak_planks":8,"biomesoplenty:mahogany_planks":6,"iceandfire:amphithere_feather":2,"minecraft:cooked_porkchop":3,"minecraft:stripped_acacia_wood":1,"tombstone:scroll_of_feather_fall":1,"minecraft:sand":2,"immersive_armors:divine_boots":1,"minecraft:mossy_cobblestone":31,"sons_of_sins:flesh_of_demise":1,"minecraft:dispenser":1,"minecraft:diamond":21,"knightquest:small_essence":3,"minecraft:bread":31,"minecraft:oak_sapling":2,"born_in_chaos_v1:rotten_fish":3,"minecraft:chorus_fruit":1,"iceandfire:raw_silver":1,"minecraft:cocoa_beans":6,"minecraft:crafting_table":1,"born_in_chaos_v1:diamond_termite_shard":1,"iceandfire:witherbone":1,"minecraft:splash_potion":1,"minecraft:chicken":1,"minecraft:wooden_pickaxe":3,"minecraft:gold_block":1,"minecraft:diamond_horse_armor":1,"born_in_chaos_v1:intoxicating_decoction":2,"minecraft:blackstone":1,"minecraft:cracked_stone_bricks":3,"minecraft:sugar_cane":32,"minecraft:egg":1,"minecraft:raw_iron":140,"sophisticatedbackpacks:backpack":1,"born_in_chaos_v1:pieceofdarkmetal":1,"minecraft:redstone":35,"minecraft:arrow":14,"minecraft:beetroot_seeds":7,"tombstone:essence_of_undeath":1,"born_in_chaos_v1:spiny_shell":2,"minecraft:gold_ingot":5,"minecraft:rail":1,"minecraft:skeleton_skull":2,"born_in_chaos_v1:corpse_maggot":6,"born_in_chaos_v1:monster_flesh":1,"minecraft:tripwire_hook":1,"minecraft:leather":5,"minecraft:crimson_fungus":1,"minecraft:oak_log":17,"minecraft:lily_pad":1,"mowziesmobs:wrought_axe":1,"minecraft:red_carpet":1,"minecraft:apple":4,"minecraft:stone_bricks":1,"mowziesmobs:foliaath_seed":2,"minecraft:iron_ingot":10,"tombstone:bag_of_seeds":2,"minecraft:book":6,"minecraft:raw_iron_block":3,"minecraft:spruce_log":1,"minecraft:spider_eye":2,"tombstone:scroll_of_true_sight":1,"biomesoplenty:mahogany_log":1,"minecraft:iron_helmet":2,"tombstone:magic_scroll":3,"minecraft:coal":45,"minecraft:dark_oak_wood":1},"minecraft:broken":{"minecraft:iron_leggings":1,"immersive_armors:divine_boots":1},"minecraft:dropped":{"iceandfire:raw_silver":1,"minecraft:chorus_fruit":1,"minecraft:glass_bottle":1,"minecraft:cookie":2,"minecraft:leather":1,"minecraft:cracked_stone_bricks":3,"born_in_chaos_v1:pieceofdarkmetal":1,"tombstone:bag_of_seeds":2,"minecraft:dispenser":1,"minecraft:dark_oak_wood":1,"minecraft:horn_coral":1,"minecraft:gold_nugget":2,"minecraft:sand":1,"minecraft:iron_pickaxe":2,"sons_of_sins:flesh_of_demise":1,"minecraft:gold_ingot":1,"minecraft:bone":5,"minecraft:crimson_fungus":1,"minecraft:sugar_cane":32,"alexsmobs:animal_dictionary":1,"tombstone:gift":1,"minecraft:rotten_flesh":27,"minecraft:oak_planks":6,"minecraft:leather_chestplate":4,"minecraft:tipped_arrow":1,"minecraft:skeleton_skull":2,"minecraft:beetroot_seeds":6,"born_in_chaos_v1:corpse_maggot":5,"born_in_chaos_v1:diamond_termite_shard":1,"minecraft:arrow":12,"minecraft:egg":2,"minecraft:water_bucket":1,"biomesoplenty:mahogany_log":1,"minecraft:wheat_seeds":8,"minecraft:mossy_cobblestone":17,"mowziesmobs:foliaath_seed":2,"minecraft:feather":2,"minecraft:iron_helmet":2,"minecraft:cobblestone":8,"minecraft:coal":8,"minecraft:coal_block":22,"minecraft:stick":12,"farmersdelight:golden_knife":1,"tombstone:grave_key":1,"tombstone:grave_dust":12,"minecraft:potion":2,"minecraft:iron_leggings":1,"minecraft:string":3,"minecraft:tripwire_hook":1,"minecraft:lily_pad":1,"create:raw_zinc":2,"minecraft:redstone":1,"minecraft:furnace":1,"minecraft:stone_sword":2,"minecraft:cocoa_beans":6,"iceandfire:witherbone":1,"born_in_chaos_v1:rotten_fish":3,"iceandfire:amphithere_feather":2,"minecraft:chicken":1,"minecraft:iron_boots":4,"alexsmobs:ancient_dart":2,"sophisticatedbackpacks:backpack":1,"minecraft:flower_pot":1,"iceandfire:rotten_egg":1,"minecraft:iron_chestplate":1,"born_in_chaos_v1:spiny_shell":2,"minecraft:mossy_stone_bricks":2,"minecraft:oak_sapling":3,"minecraft:spider_eye":1,"minecraft:stone_bricks":1,"tombstone:essence_of_undeath":1,"knightquest:small_essence":2,"minecraft:stone_pickaxe":2,"minecraft:wooden_pickaxe":6,"minecraft:raw_gold":1},"minecraft:killed":{"born_in_chaos_v1:zombie_clown":1,"born_in_chaos_v1:restless_spirit":1,"born_in_chaos_v1:zombie_lumberjack":1,"minecraft:spider":6,"born_in_chaos_v1:baby_skeleton_minion":2,"minecraft:skeleton":6,"minecraft:chicken":1,"alexsmobs:grizzly_bear":1,"born_in_chaos_v1:diamond_termite":6,"born_in_chaos_v1:zombie_fisherman":1,"minecraft:zombie":17,"born_in_chaos_v1:dread_hound":2,"born_in_chaos_v1:corpse_fly":1,"alexsmobs:fly":1,"iceandfire:pixie":1,"born_in_chaos_v1:thornshell_crab":1,"born_in_chaos_v1:maggot":4,"alexsmobs:gorilla":1,"mowziesmobs:ferrous_wroughtnaut":1,"born_in_chaos_v1:corpse_fish":1,"born_in_chaos_v1:barrel_zombie":1,"born_in_chaos_v1:bone_imp_minion":4,"born_in_chaos_v1:baby_skeleton":2,"iceandfire:amphithere":1,"minecraft:hoglin":1,"born_in_chaos_v1:decrepit_skeleton":6,"iceandfire:ghost":3,"alexsmobs:gazelle":1,"born_in_chaos_v1:bonescaller_not_despawn":1,"minecraft:wither_skeleton":1,"minecraft:enderman":1}},"DataVersion":3465}