{"stats":{"minecraft:mined":{"create:zinc_ore":1,"minecraft:ladder":3,"minecraft:granite":6,"minecraft:grass_block":3,"born_in_chaos_v1:black_argillite":4,"minecraft:spawner":4,"minecraft:hay_block":3,"minecraft:furnace":1,"minecraft:iron_ore":46,"minecraft:andesite":11,"minecraft:light_gray_concrete":2,"biomesoplenty:barley":1,"minecraft:stone":137,"minecraft:spruce_slab":1,"minecraft:pink_terracotta":1,"minecraft:mangrove_stairs":1,"minecraft:crafting_table":2,"minecraft:torch":1,"minecraft:rose_bush":1,"minecraft:cobblestone":2,"biomesoplenty:sprout":2,"minecraft:sugar_cane":5,"minecraft:diorite":13,"minecraft:wall_torch":4,"minecraft:birch_log":14,"minecraft:smooth_stone_slab":1,"minecraft:grass":10,"minecraft:coal_ore":9,"biomesoplenty:fir_leaves":1,"minecraft:sunflower":2,"minecraft:smooth_quartz":3,"minecraft:dirt":4,"minecraft:piston":1,"minecraft:fern":7},"minecraft:used":{"minecraft:shield":1,"minecraft:iron_sword":100,"minecraft:torch":10,"minecraft:carrot":13,"minecraft:wooden_axe":43,"minecraft:iron_axe":33,"minecraft:iron_helmet":1,"minecraft:iron_boots":1,"minecraft:beef":1,"minecraft:furnace":1,"tombstone:gift":2,"born_in_chaos_v1:mint_ice_cream":2,"minecraft:water_bucket":1,"minecraft:glow_berries":3,"minecraft:crafting_table":5,"minecraft:bread":14,"minecraft:iron_pickaxe":244,"sons_of_sins:flesh_of_demise":1,"minecraft:cobblestone":66,"minecraft:potion":1,"minecraft:bucket":2,"minecraft:chain":1,"minecraft:pumpkin_pie":4,"alexsmobs:animal_dictionary":1},"minecraft:killed":{"born_in_chaos_v1:zombie_clown":1,"born_in_chaos_v1:zombie_lumberjack":3,"born_in_chaos_v1:restless_spirit":3,"born_in_chaos_v1:zombie_clown_not_despawn":1,"minecraft:spider":1,"born_in_chaos_v1:zombie_bruiser":2,"born_in_chaos_v1:maggot":4,"minecraft:skeleton":5,"born_in_chaos_v1:skeleton_thrasher":1,"born_in_chaos_v1:decrepit_skeleton":1,"minecraft:sheep":2,"minecraft:zombie":4,"born_in_chaos_v1:dread_hound":2,"born_in_chaos_v1:door_knight":1,"minecraft:cow":3},"minecraft:picked_up":{"minecraft:crafting_table":3,"minecraft:wheat":15,"minecraft:potion":2,"minecraft:chain":1,"born_in_chaos_v1:black_argillite":12,"minecraft:string":2,"biomesoplenty:yellow_autumn_sapling":1,"minecraft:iron_axe":1,"minecraft:smooth_stone_slab":1,"minecraft:beef":5,"minecraft:smooth_quartz":3,"minecraft:spruce_slab":1,"born_in_chaos_v1:stimulating_decoction":2,"minecraft:sugar_cane":8,"minecraft:piston":1,"minecraft:mangrove_log":1,"minecraft:furnace":2,"iceandfire:pixie_dust":2,"minecraft:raw_iron":46,"minecraft:stick":2,"born_in_chaos_v1:shattered_skull":1,"minecraft:torch":14,"minecraft:acacia_log":1,"tombstone:grave_dust":2,"minecraft:diorite":13,"born_in_chaos_v1:pieceofdarkmetal":3,"minecraft:pink_terracotta":2,"minecraft:mangrove_stairs":1,"minecraft:rotten_flesh":18,"minecraft:pumpkin_pie":4,"minecraft:hay_block":3,"minecraft:mutton":3,"minecraft:cobblestone":129,"minecraft:snowball":1,"minecraft:white_wool":2,"minecraft:birch_log":14,"born_in_chaos_v1:monster_flesh":1,"minecraft:leather":2,"minecraft:birch_planks":16,"create:raw_zinc":1,"minecraft:oak_log":2,"minecraft:dirt":7,"minecraft:bone":13,"minecraft:wheat_seeds":1,"minecraft:iron_ingot":7,"minecraft:glass_bottle":1,"born_in_chaos_v1:ethereal_spirit":4,"minecraft:spruce_log":2,"minecraft:grass_block":1,"sons_of_sins:flesh_of_demise":1,"minecraft:light_gray_concrete":2,"minecraft:coal":8,"minecraft:sunflower":1},"minecraft:dropped":{"minecraft:iron_sword":1,"born_in_chaos_v1:shattered_skull":2,"minecraft:birch_planks":25,"minecraft:wheat_seeds":1,"born_in_chaos_v1:mint_candy":3,"minecraft:warped_fungus":1,"minecraft:glass_bottle":2,"minecraft:cobblestone":8,"minecraft:leather":2,"born_in_chaos_v1:pieceofdarkmetal":2,"minecraft:grass_block":1,"minecraft:stick":5,"minecraft:dirt":6,"born_in_chaos_v1:black_argillite":12,"minecraft:diorite":13,"minecraft:torch":8,"minecraft:mangrove_stairs":1,"tombstone:grave_dust":2,"minecraft:sunflower":1,"minecraft:iron_pickaxe":1,"minecraft:string":2,"create:raw_zinc":1,"minecraft:bone":4,"minecraft:furnace":1,"minecraft:pink_terracotta":2,"tombstone:familiar_stone":1,"born_in_chaos_v1:ethereal_spirit":4,"minecraft:rotten_flesh":13,"iceandfire:pixie_dust":2},"minecraft:crafted":{"minecraft:oak_planks":8,"minecraft:furnace":1,"minecraft:iron_boots":1,"minecraft:wheat":27,"minecraft:crafting_table":2,"minecraft:iron_helmet":1,"minecraft:iron_sword":1,"minecraft:bucket":1,"minecraft:birch_planks":40,"minecraft:bread":14,"minecraft:air":0,"minecraft:iron_chestplate":1,"minecraft:shield":1,"minecraft:stick":12,"minecraft:iron_ingot":46,"minecraft:iron_pickaxe":2,"minecraft:wooden_axe":1,"minecraft:iron_leggings":1,"minecraft:torch":8},"minecraft:broken":{"minecraft:wooden_axe":1},"minecraft:custom":{"minecraft:mob_kills":34,"minecraft:interact_with_crafting_table":22,"minecraft:open_barrel":16,"minecraft:damage_dealt_resisted":324,"minecraft:leave_game":4,"minecraft:time_since_death":1658,"minecraft:climb_one_cm":16204,"minecraft:sprint_one_cm":112743,"minecraft:walk_one_cm":98187,"minecraft:damage_blocked_by_shield":30,"minecraft:drop":77,"minecraft:play_time":73937,"minecraft:deaths":1,"minecraft:sneak_time":2537,"minecraft:walk_under_water_one_cm":3279,"minecraft:jump":881,"minecraft:interact_with_brewingstand":3,"minecraft:walk_on_water_one_cm":4696,"minecraft:total_world_time":73937,"minecraft:interact_with_furnace":14,"minecraft:time_since_rest":374,"minecraft:damage_taken":1682,"minecraft:damage_dealt":9236,"minecraft:swim_one_cm":21113,"minecraft:fly_one_cm":161270,"minecraft:open_chest":10,"minecraft:crouch_one_cm":7596,"tombstone:undead_killed":19,"minecraft:fall_one_cm":37220,"minecraft:inspect_dispenser":1}},"DataVersion":3465}