{"stats":{"minecraft:killed":{"minecraft:zombie":1,"born_in_chaos_v1:dread_hound":1,"iceandfire:ghost":1,"born_in_chaos_v1:corpse_fly":1,"born_in_chaos_v1:decrepit_skeleton":1},"minecraft:mined":{"minecraft:skeleton_skull":2,"minecraft:grass":10,"minecraft:grass_block":2,"minecraft:oak_log":4,"minecraft:melon":9,"minecraft:sand":1,"minecraft:cobblestone":1,"minecraft:cracked_stone_bricks":2,"minecraft:stone":23,"minecraft:sugar_cane":5,"minecraft:fern":15,"minecraft:spawner":1},"minecraft:crafted":{"minecraft:oak_planks":16,"minecraft:crafting_table":1,"minecraft:stick":12,"minecraft:wooden_pickaxe":1,"minecraft:stone_pickaxe":1,"minecraft:stone_sword":1},"minecraft:used":{"minecraft:water_bucket":2,"minecraft:stone_sword":46,"minecraft:oak_planks":4,"minecraft:stone_pickaxe":17,"minecraft:melon_slice":19,"minecraft:wooden_pickaxe":12,"minecraft:leather_chestplate":1,"minecraft:rotten_flesh":3,"minecraft:sand":1,"minecraft:cobblestone":5,"minecraft:crafting_table":1,"minecraft:bucket":2,"alexsmobs:animal_dictionary":1,"tombstone:gift":3,"minecraft:skeleton_skull":1},"minecraft:picked_up":{"minecraft:leather_chestplate":1,"minecraft:wooden_pickaxe":3,"minecraft:sand":1,"minecraft:oak_log":4,"tombstone:grave_dust":1,"minecraft:bone":2,"minecraft:rotten_flesh":5,"minecraft:cracked_stone_bricks":2,"mowziesmobs:foliaath_seed":2,"minecraft:wheat_seeds":1,"minecraft:bamboo":2,"minecraft:oak_sapling":2,"minecraft:melon_slice":43,"minecraft:sugar_cane":15,"minecraft:skeleton_skull":2,"minecraft:cobblestone":23},"minecraft:custom":{"minecraft:time_since_rest":14521,"minecraft:sprint_one_cm":72006,"minecraft:damage_taken":1105,"minecraft:walk_one_cm":44517,"minecraft:trigger_trapped_chest":1,"minecraft:mob_kills":6,"minecraft:drop":20,"minecraft:damage_dealt":1593,"minecraft:interact_with_crafting_table":3,"minecraft:swim_one_cm":2051,"minecraft:fly_one_cm":127789,"minecraft:open_barrel":6,"minecraft:crouch_one_cm":240,"minecraft:play_time":25898,"tombstone:undead_killed":3,"minecraft:deaths":2,"minecraft:sneak_time":270,"minecraft:walk_under_water_one_cm":6022,"minecraft:jump":569,"minecraft:leave_game":5,"minecraft:time_since_death":14812,"minecraft:walk_on_water_one_cm":2752,"minecraft:total_world_time":25898,"minecraft:climb_one_cm":1115,"minecraft:fall_one_cm":16085},"minecraft:dropped":{"minecraft:sugar_cane":1,"minecraft:wheat_seeds":1,"alexsmobs:animal_dictionary":1,"minecraft:skeleton_skull":1,"mowziesmobs:foliaath_seed":2,"minecraft:oak_sapling":3,"tombstone:grave_dust":1,"minecraft:rotten_flesh":2,"minecraft:wooden_pickaxe":6,"minecraft:cracked_stone_bricks":2}},"DataVersion":3465}