{"stats":{"minecraft:mined":{"minecraft:grass":1,"minecraft:grass_block":1,"biomesoplenty:fir_leaves":1,"minecraft:dirt":3,"biomesoplenty:barley":1,"minecraft:birch_log":5,"minecraft:stone":32,"minecraft:crafting_table":1,"minecraft:fern":1},"minecraft:used":{"minecraft:crafting_table":2,"minecraft:iron_pickaxe":32,"alexsmobs:animal_dictionary":1,"minecraft:wooden_axe":1},"minecraft:crafted":{"minecraft:birch_planks":20,"minecraft:stick":4,"minecraft:iron_pickaxe":1,"minecraft:wooden_axe":1},"minecraft:picked_up":{"minecraft:birch_log":5,"biomesoplenty:yellow_autumn_sapling":1,"minecraft:stick":2,"minecraft:crafting_table":2,"minecraft:wheat":15,"minecraft:pumpkin_pie":4,"minecraft:wheat_seeds":1,"minecraft:iron_ingot":3,"minecraft:potion":2,"minecraft:dirt":4,"minecraft:cobblestone":32},"minecraft:custom":{"minecraft:play_time":12405,"minecraft:time_since_rest":12405,"minecraft:crouch_one_cm":6,"minecraft:sprint_one_cm":11281,"minecraft:walk_one_cm":9978,"minecraft:sneak_time":27,"minecraft:jump":37,"minecraft:leave_game":2,"minecraft:time_since_death":12405,"minecraft:total_world_time":12405,"minecraft:interact_with_crafting_table":8,"minecraft:fly_one_cm":6588,"minecraft:fall_one_cm":685}},"DataVersion":3465}