{"stats":{"minecraft:killed":{"minecraft:spider":1,"alexsmobs:seagull":1,"born_in_chaos_v1:maggot":1,"minecraft:skeleton":5,"mowziesmobs:ferrous_wroughtnaut":1,"alexsmobs:banana_slug":1,"minecraft:chicken":1,"alexsmobs:bison":1,"minecraft:husk":16,"minecraft:sheep":1,"born_in_chaos_v1:zombie_fisherman":1,"minecraft:zombie":1,"minecraft:cow":4},"minecraft:crafted":{"minecraft:iron_nugget":9,"minecraft:cooked_chicken":1,"minecraft:furnace":1,"minecraft:iron_axe":1,"minecraft:cooked_beef":6,"biomesoplenty:fir_boat":1,"minecraft:crafting_table":3,"minecraft:cooked_salmon":1,"minecraft:bread":1,"minecraft:air":0,"biomesoplenty:fir_planks":44,"minecraft:white_wool":1,"minecraft:iron_chestplate":1,"minecraft:diamond_pickaxe":1,"minecraft:shield":3,"minecraft:stick":16,"minecraft:iron_pickaxe":1,"minecraft:iron_ingot":2,"minecraft:white_bed":2,"minecraft:shears":1},"minecraft:picked_up":{"minecraft:iron_chestplate":1,"minecraft:crafting_table":6,"minecraft:redstone_block":1,"minecraft:chicken":1,"minecraft:green_stained_glass_pane":1,"minecraft:redstone_lamp":10,"minecraft:wooden_pickaxe":1,"minecraft:gold_block":1,"minecraft:orange_banner":1,"minecraft:gilded_blackstone":3,"minecraft:stone_brick_stairs":1,"minecraft:shield":2,"minecraft:bucket":1,"biomesoplenty:fir_planks":4,"minecraft:beef":14,"minecraft:player_head":1,"minecraft:calcite":19,"minecraft:smooth_quartz":3,"minecraft:chest":2,"minecraft:smooth_quartz_stairs":1,"minecraft:piston":3,"minecraft:egg":2,"minecraft:furnace":1,"minecraft:raw_iron":2,"born_in_chaos_v1:shattered_skull":2,"minecraft:polished_deepslate_stairs":2,"minecraft:torch":1,"minecraft:spruce_fence":1,"tombstone:grave_dust":10,"minecraft:diorite":2,"minecraft:redstone":34,"minecraft:dark_oak_planks":2,"minecraft:light_gray_bed":1,"minecraft:arrow":3,"minecraft:rotten_flesh":17,"minecraft:hay_block":1,"minecraft:saddle":1,"minecraft:obsidian":6,"minecraft:iron_bars":3,"minecraft:white_wool":5,"minecraft:cobblestone":66,"born_in_chaos_v1:corpse_maggot":1,"minecraft:feather":2,"minecraft:repeater":15,"born_in_chaos_v1:monster_flesh":1,"minecraft:andesite":5,"minecraft:salmon":1,"minecraft:leather":12,"minecraft:golden_leggings":1,"minecraft:chiseled_quartz_block":4,"minecraft:filled_map":3,"biomesoplenty:fir_log":12,"exposure:aged_photograph":3,"mowziesmobs:wrought_axe":1,"minecraft:paper":26,"minecraft:dirt":5,"tombstone:gift":1,"minecraft:white_banner":1,"biomesoplenty:glowing_moss_carpet":1,"minecraft:name_tag":1,"born_in_chaos_v1:monster_skin":1,"minecraft:bone":10,"minecraft:gray_carpet":1,"biomesoplenty:fir_boat":1,"minecraft:stone_pickaxe":1,"tombstone:bag_of_seeds":1,"minecraft:dark_oak_slab":1,"born_in_chaos_v1:ethereal_spirit":4,"mowziesmobs:wrought_helmet":1,"minecraft:blast_furnace":2,"minecraft:nether_brick_stairs":2,"minecraft:ink_sac":2,"minecraft:white_bed":8,"alexsmobs:animal_dictionary":1,"minecraft:light_gray_concrete":20,"minecraft:diamond":3,"knightquest:small_essence":7,"minecraft:granite":1,"minecraft:painting":1,"alexsmobs:banana_slug_slime":2,"minecraft:coal":15,"iceandfire:raw_silver":2,"minecraft:sunflower":2},"minecraft:mined":{"minecraft:dark_oak_planks":2,"minecraft:light_blue_stained_glass_pane":3,"minecraft:white_bed":7,"iceandfire:silver_ore":2,"minecraft:obsidian":6,"minecraft:granite":1,"minecraft:grass_block":5,"minecraft:spruce_fence":1,"minecraft:white_stained_glass":1,"minecraft:light_gray_bed":1,"minecraft:redstone_wire":1,"minecraft:spawner":3,"minecraft:gilded_blackstone":4,"minecraft:large_fern":3,"minecraft:furnace":1,"minecraft:iron_ore":2,"minecraft:fire":6,"minecraft:andesite":5,"minecraft:nether_brick_stairs":1,"minecraft:gold_block":1,"minecraft:dark_oak_stairs":1,"minecraft:vine":1,"biomesoplenty:high_grass":7,"minecraft:iron_bars":2,"minecraft:light_gray_concrete":22,"minecraft:stripped_mangrove_wood":6,"minecraft:stone":58,"minecraft:player_head":1,"minecraft:glass_pane":3,"minecraft:polished_deepslate_stairs":2,"minecraft:chiseled_quartz_block":4,"minecraft:crafting_table":4,"minecraft:torch":1,"minecraft:blast_furnace":2,"minecraft:calcite":20,"biomesoplenty:high_grass_plant":9,"minecraft:tall_grass":1,"minecraft:cobblestone":3,"biomesoplenty:sprout":1,"minecraft:diorite":3,"minecraft:dark_oak_slab":1,"minecraft:light_gray_stained_glass":1,"minecraft:white_wall_banner":1,"biomesoplenty:fir_log":12,"minecraft:stone_brick_stairs":1,"minecraft:grass":5,"minecraft:coal_ore":2,"biomesoplenty:fir_leaves":3,"minecraft:sunflower":2,"minecraft:smooth_quartz":3,"minecraft:gray_carpet":1,"minecraft:netherrack":2,"minecraft:orange_wall_banner":1,"minecraft:piston":1,"minecraft:fern":1},"minecraft:used":{"minecraft:iron_sword":58,"minecraft:cooked_salmon":1,"minecraft:cooked_chicken":1,"minecraft:iron_chestplate":1,"minecraft:torch":1,"minecraft:dirt":4,"minecraft:carrot":4,"minecraft:iron_axe":42,"minecraft:golden_carrot":6,"minecraft:furnace":2,"tombstone:gift":2,"minecraft:egg":1,"minecraft:cooked_beef":5,"minecraft:green_stained_glass_pane":1,"minecraft:light_gray_bed":1,"minecraft:calcite":16,"minecraft:wooden_pickaxe":27,"biomesoplenty:fir_planks":1,"biomesoplenty:fir_boat":2,"minecraft:smooth_quartz_stairs":1,"minecraft:gilded_blackstone":3,"minecraft:crafting_table":7,"minecraft:white_bed":7,"minecraft:chiseled_quartz_block":4,"minecraft:cake":1,"mowziesmobs:wrought_axe":111,"minecraft:piston":2,"minecraft:diamond_pickaxe":49,"minecraft:apple":5,"minecraft:light_gray_concrete":20,"born_in_chaos_v1:monster_flesh":1,"minecraft:bread":6,"minecraft:iron_pickaxe":98,"tombstone:magic_scroll":1,"biomesoplenty:glowing_moss_carpet":1,"minecraft:cobblestone":30,"biomesoplenty:fir_log":1},"minecraft:killed_by":{"iceandfire:fire_dragon":1},"minecraft:custom":{"minecraft:mob_kills":36,"minecraft:interact_with_crafting_table":16,"minecraft:open_barrel":10,"minecraft:damage_dealt_resisted":1029,"minecraft:eat_cake_slice":7,"minecraft:leave_game":3,"minecraft:time_since_death":39006,"minecraft:climb_one_cm":19620,"minecraft:sprint_one_cm":132920,"minecraft:walk_one_cm":426937,"minecraft:drop":66,"minecraft:play_time":130728,"minecraft:deaths":8,"minecraft:sneak_time":10022,"minecraft:walk_under_water_one_cm":23048,"minecraft:boat_one_cm":237048,"tombstone:tomb_raiding":1,"minecraft:jump":1648,"minecraft:interact_with_blast_furnace":2,"minecraft:walk_on_water_one_cm":32989,"minecraft:total_world_time":130728,"minecraft:interact_with_furnace":15,"minecraft:sleep_in_bed":4,"minecraft:time_since_rest":38840,"minecraft:damage_taken":4289,"minecraft:damage_dealt":10145,"tombstone:cast_on_ally":0,"minecraft:swim_one_cm":49103,"minecraft:fly_one_cm":224658,"minecraft:player_kills":2,"minecraft:open_chest":19,"minecraft:crouch_one_cm":17750,"tombstone:undead_killed":23,"minecraft:fall_one_cm":45121},"minecraft:dropped":{"minecraft:nether_brick_stairs":1,"sophisticatedbackpacks:iron_backpack":1,"minecraft:enchanted_book":1,"iceandfire:raw_silver":2,"born_in_chaos_v1:shattered_skull":1,"minecraft:cooked_beef":1,"minecraft:diamond":2,"biomesoplenty:fir_boat":1,"minecraft:dark_oak_slab":1,"minecraft:feather":1,"minecraft:cobblestone":6,"minecraft:leather":4,"minecraft:saddle":1,"minecraft:stick":10,"minecraft:dirt":1,"minecraft:diorite":2,"born_in_chaos_v1:monster_skin":1,"iceandfire:silver_sword":1,"minecraft:repeater":15,"minecraft:smooth_quartz":3,"tombstone:grave_dust":5,"minecraft:potion":1,"mowziesmobs:wrought_helmet":2,"minecraft:sunflower":2,"minecraft:paper":13,"minecraft:string":5,"minecraft:redstone":34,"minecraft:bone":1,"minecraft:iron_nugget":9,"alexsmobs:animal_dictionary":1,"minecraft:wheat":1,"born_in_chaos_v1:ethereal_spirit":1,"tombstone:gift":1,"minecraft:rotten_flesh":22,"minecraft:iron_boots":1,"minecraft:name_tag":1,"minecraft:white_bed":1,"minecraft:filled_map":2,"minecraft:shield":1,"biomesoplenty:fir_planks":1,"minecraft:skeleton_skull":1,"born_in_chaos_v1:corpse_maggot":1,"minecraft:golden_leggings":2,"minecraft:redstone_torch":8,"knightquest:small_essence":3,"minecraft:arrow":40,"minecraft:wooden_pickaxe":1,"minecraft:stone_pickaxe":1,"minecraft:stone_brick_stairs":1,"exposure:aged_photograph":2}},"DataVersion":3465}