{"stats":{"minecraft:mined":{"minecraft:spruce_planks":8,"biomesoplenty:watergrass":4,"minecraft:white_bed":6,"iceandfire:silver_ore":3,"minecraft:mossy_cobblestone":1,"minecraft:oak_door":1,"minecraft:cobblestone_stairs":4,"born_in_chaos_v1:infected_diamond_ore":1,"minecraft:granite":3,"minecraft:grass_block":5,"minecraft:spruce_fence":1,"iceandfire:pixie_house_oak":1,"minecraft:polished_blackstone_bricks":7,"minecraft:hay_block":5,"minecraft:furnace":3,"biomesoplenty:orange_cosmos":1,"minecraft:polished_basalt":2,"minecraft:iron_ore":38,"minecraft:fire":13,"minecraft:andesite":2,"minecraft:stripped_spruce_log":1,"minecraft:potatoes":1,"minecraft:deepslate_iron_ore":3,"minecraft:water_cauldron":3,"minecraft:oak_stairs":1,"crittersandcompanions:silk_cocoon":2,"minecraft:stripped_oak_log":8,"minecraft:stone":81,"minecraft:glass_pane":3,"minecraft:soul_fire":1,"minecraft:crafting_table":2,"minecraft:blast_furnace":4,"biomesoplenty:mahogany_planks":2,"minecraft:chest":5,"minecraft:campfire":1,"minecraft:cobblestone":40,"minecraft:oak_planks":9,"biomesoplenty:mahogany_log":4,"minecraft:wheat":36,"iceandfire:pixie_house_mushroom_red":1,"minecraft:grass":20,"minecraft:oak_log":14,"minecraft:coal_ore":24,"born_in_chaos_v1:infernal_evil_pumpkin_s":1,"minecraft:netherrack":20},"minecraft:crafted":{"minecraft:oak_planks":68,"minecraft:cobblestone_slab":6,"minecraft:furnace":2,"minecraft:leather":2,"minecraft:iron_axe":1,"minecraft:ladder":6,"minecraft:stone_pickaxe":1,"minecraft:chest":3,"minecraft:stone_hoe":1,"minecraft:wheat":54,"minecraft:cooked_cod":16,"sophisticatedbackpacks:backpack":1,"minecraft:crafting_table":5,"minecraft:spruce_planks":4,"minecraft:wooden_pickaxe":1,"minecraft:iron_helmet":1,"minecraft:bucket":1,"minecraft:stone_axe":1,"minecraft:air":0,"minecraft:bread":29,"minecraft:iron_chestplate":1,"minecraft:shield":1,"minecraft:stick":32,"minecraft:iron_ingot":58,"minecraft:iron_pickaxe":2,"minecraft:wooden_axe":3,"minecraft:iron_leggings":1,"beyond_earth:steel_ingot":12},"minecraft:used":{"minecraft:ladder":6,"minecraft:chest":7,"minecraft:spruce_planks":6,"minecraft:shield":22,"minecraft:stone_hoe":15,"minecraft:dirt":7,"minecraft:carrot":10,"minecraft:wooden_axe":78,"minecraft:iron_axe":75,"minecraft:dark_oak_slab":1,"minecraft:cooked_cod":4,"minecraft:oak_sapling":4,"minecraft:furnace":5,"minecraft:potato":8,"minecraft:iron_leggings":1,"minecraft:water_bucket":2,"minecraft:stone_pickaxe":23,"minecraft:oak_planks":12,"minecraft:wooden_pickaxe":5,"minecraft:cobblestone_slab":4,"iceandfire:pixie_house_oak":1,"minecraft:polished_blackstone_bricks":9,"minecraft:golden_apple":1,"minecraft:mossy_cobblestone":2,"farmersdelight:onion":1,"minecraft:crafting_table":7,"minecraft:blast_furnace":4,"minecraft:white_bed":7,"minecraft:oak_log":3,"minecraft:crying_obsidian":1,"minecraft:bread":30,"minecraft:iron_pickaxe":214,"minecraft:cobblestone":35,"iceandfire:pixie_house_mushroom_red":1,"minecraft:bucket":3,"minecraft:stripped_oak_log":4},"minecraft:custom":{"minecraft:mob_kills":17,"minecraft:interact_with_crafting_table":34,"minecraft:open_barrel":6,"minecraft:damage_dealt_resisted":355,"minecraft:leave_game":2,"minecraft:time_since_death":69684,"minecraft:climb_one_cm":4254,"minecraft:sprint_one_cm":96301,"minecraft:walk_one_cm":327912,"minecraft:damage_blocked_by_shield":505,"minecraft:drop":32,"minecraft:play_time":91041,"minecraft:sneak_time":8764,"minecraft:deaths":2,"minecraft:walk_under_water_one_cm":9734,"minecraft:jump":1235,"minecraft:interact_with_blast_furnace":26,"minecraft:walk_on_water_one_cm":18714,"minecraft:total_world_time":91041,"minecraft:interact_with_furnace":9,"minecraft:interact_with_cartography_table":1,"minecraft:sleep_in_bed":3,"minecraft:time_since_rest":16926,"minecraft:damage_taken":2996,"minecraft:damage_absorbed":40,"minecraft:damage_dealt":2824,"minecraft:swim_one_cm":10495,"minecraft:fly_one_cm":181606,"minecraft:open_chest":45,"minecraft:crouch_one_cm":16943,"tombstone:undead_killed":10,"minecraft:fall_one_cm":33952},"minecraft:picked_up":{"minecraft:wooden_axe":1,"born_in_chaos_v1:diamond_termite_shard":6,"minecraft:crafting_table":2,"minecraft:wheat":34,"iceandfire:pixie_house_oak":1,"minecraft:nether_wart":8,"minecraft:chicken":2,"born_in_chaos_v1:seedof_chaos":1,"minecraft:oak_stairs":1,"minecraft:gilded_blackstone":5,"born_in_chaos_v1:bloody_gadfly_eye":1,"minecraft:chain":1,"minecraft:string":18,"minecraft:blackstone":4,"minecraft:cobbled_deepslate":9,"minecraft:gold_nugget":7,"minecraft:spruce_planks":8,"minecraft:iron_pickaxe":2,"minecraft:chest":5,"minecraft:furnace":3,"minecraft:egg":1,"minecraft:stick":9,"minecraft:raw_iron":41,"born_in_chaos_v1:shattered_skull":1,"minecraft:oak_door":2,"minecraft:copper_ingot":10,"minecraft:torch":5,"minecraft:spruce_fence":1,"minecraft:polished_blackstone_bricks":9,"farmersdelight:tomato_seeds":4,"iceandfire:rotten_egg":1,"minecraft:cauldron":6,"minecraft:rotten_flesh":1,"minecraft:arrow":14,"crittersandcompanions:dragonfly_wing":2,"create:scoria":1,"farmersdelight:onion":1,"minecraft:hay_block":6,"minecraft:polished_basalt":3,"crittersandcompanions:silk":8,"minecraft:carved_pumpkin":2,"minecraft:gold_ingot":4,"minecraft:cobblestone":130,"minecraft:cod":16,"biomesoplenty:orange_cosmos":1,"minecraft:rail":1,"minecraft:stripped_oak_log":8,"born_in_chaos_v1:corpse_maggot":4,"minecraft:leather_chestplate":1,"minecraft:water_bucket":1,"minecraft:andesite":7,"minecraft:leather":2,"minecraft:potato":8,"exposure:aged_photograph":1,"minecraft:tuff":3,"minecraft:lily_pad":1,"minecraft:oak_log":16,"minecraft:chainmail_chestplate":1,"minecraft:cobblestone_stairs":8,"minecraft:dirt":18,"iceandfire:pixie_house_mushroom_red":1,"minecraft:red_carpet":27,"minecraft:bone":27,"minecraft:wheat_seeds":90,"minecraft:raw_gold":6,"minecraft:rabbit_hide":9,"minecraft:iron_ingot":22,"minecraft:stone_hoe":1,"minecraft:oak_planks":35,"biomesoplenty:mahogany_planks":2,"minecraft:dark_oak_slab":1,"born_in_chaos_v1:orbofthe_summoner":1,"born_in_chaos_v1:ethereal_spirit":3,"minecraft:stripped_spruce_log":1,"minecraft:blast_furnace":4,"minecraft:white_bed":11,"minecraft:crying_obsidian":1,"minecraft:spider_eye":4,"minecraft:mossy_cobblestone":2,"biomesoplenty:mahogany_log":4,"knightquest:small_essence":8,"minecraft:granite":6,"minecraft:warped_roots":1,"minecraft:bread":1,"minecraft:oak_sapling":7,"minecraft:light_gray_carpet":2,"minecraft:netherrack":11,"minecraft:coal":52,"iceandfire:raw_silver":3},"minecraft:broken":{"minecraft:leather_chestplate":1},"minecraft:dropped":{"minecraft:water_bucket":1,"biomesoplenty:mahogany_log":4,"born_in_chaos_v1:shattered_skull":1,"minecraft:wheat_seeds":88,"crittersandcompanions:dragonfly_wing":2,"biomesoplenty:orange_cosmos":1,"minecraft:red_carpet":9,"minecraft:dirt":1,"minecraft:wooden_axe":2,"minecraft:chain":1,"minecraft:oak_stairs":1,"minecraft:lily_pad":1,"minecraft:bone":3,"alexsmobs:animal_dictionary":1,"minecraft:wheat":1,"tombstone:gift":1,"born_in_chaos_v1:ethereal_spirit":1,"minecraft:light_gray_carpet":2,"minecraft:spruce_fence":1,"crittersandcompanions:silk":8,"born_in_chaos_v1:seedof_chaos":1,"born_in_chaos_v1:corpse_maggot":1,"minecraft:carved_pumpkin":2,"minecraft:spider_eye":4,"knightquest:small_essence":2,"minecraft:wooden_pickaxe":1,"minecraft:egg":1},"minecraft:killed":{"born_in_chaos_v1:baby_skeleton_minion":1,"born_in_chaos_v1:maggot":2,"minecraft:skeleton":2,"minecraft:horse":1,"bosses_of_mass_destruction:gauntlet":1,"born_in_chaos_v1:bone_imp_minion":2,"born_in_chaos_v1:diamond_termite":2,"minecraft:zombie":4,"born_in_chaos_v1:bonescaller_not_despawn":1}},"DataVersion":3465}