{"stats":{"minecraft:used":{"securitycraft:stone_mine":1,"beyond_earth:vehicle_upgrader":2,"automobility:steep_slope":1,"aquamirae:esca":1,"alexsmobs:spawn_egg_banana_slug":1,"sons_of_sins:gulber_spawn_egg":2,"aquamirae:fin":2,"securitycraft:ims":1,"securitycraft:mine":1,"securitycraft:sentry":1,"minecraft:oak_leaves":1,"beyond_earth:rocket_launch_pad":20,"sons_of_sins:nibbler_spawn_egg":3,"beyond_earth:jet_pants":1,"beyond_earth:jet_boots":1,"beyond_earth:jet_suit":1,"beyond_earth:rocket":3,"born_in_chaos_v1:lord_pumpkinhead_spawn_egg":1,"beyond_earth:jet_helmet":1,"bosses_of_mass_destruction:mob_ward":2,"minecraft:cooked_beef":3,"creeperoverhaul:spruce_creeper_spawn_egg":1},"minecraft:picked_up":{"born_in_chaos_v1:infernal_evil_pumpkin":1,"minecraft:cooked_beef":32,"born_in_chaos_v1:ethereal_spirit":1,"aquamirae:esca":1,"minecraft:dirt":22,"sons_of_sins:flesh_of_demise":2,"securitycraft:remote_access_mine":1,"aquamirae:fin":2,"beyond_earth:rocket":2,"alexsmobs:banana_slug_slime":2},"minecraft:custom":{"minecraft:time_since_rest":70,"minecraft:sprint_one_cm":4605,"minecraft:damage_taken":615,"minecraft:walk_one_cm":41823,"minecraft:drop":1,"minecraft:damage_dealt":145,"minecraft:fly_one_cm":36948,"minecraft:crouch_one_cm":2352,"minecraft:play_time":28176,"minecraft:deaths":1,"minecraft:sneak_time":1623,"minecraft:jump":560,"minecraft:walk_on_water_one_cm":350,"minecraft:time_since_death":0,"minecraft:total_world_time":28176,"minecraft:fall_one_cm":2419},"minecraft:mined":{"minecraft:fire":1,"biomesoplenty:bush":1},"minecraft:dropped":{"securitycraft:remote_access_mine":1}},"DataVersion":3465}