{"stats":{"minecraft:picked_up":{"minecraft:crafting_table":1,"minecraft:wooden_pickaxe":1,"minecraft:chiseled_quartz_block":4,"biomesoplenty:fir_log":12,"minecraft:gilded_blackstone":3,"minecraft:stone_brick_stairs":1,"minecraft:dirt":4,"biomesoplenty:glowing_moss_carpet":1,"minecraft:bone":6,"minecraft:bucket":1,"biomesoplenty:fir_planks":3,"minecraft:stone_pickaxe":1,"minecraft:smooth_quartz":3,"minecraft:piston":1,"minecraft:raw_iron":2,"tombstone:grave_dust":2,"minecraft:diorite":2,"minecraft:white_bed":1,"minecraft:redstone":1,"minecraft:light_gray_concrete":20,"minecraft:rotten_flesh":4,"minecraft:arrow":3,"knightquest:small_essence":3,"minecraft:white_wool":4,"iceandfire:raw_silver":2,"minecraft:cobblestone":2},"minecraft:mined":{"minecraft:light_blue_stained_glass_pane":3,"minecraft:white_bed":1,"minecraft:glass_pane":3,"iceandfire:silver_ore":2,"minecraft:chiseled_quartz_block":4,"minecraft:crafting_table":1,"minecraft:grass_block":4,"minecraft:redstone_wire":1,"minecraft:diorite":2,"minecraft:gilded_blackstone":4,"minecraft:iron_ore":2,"biomesoplenty:fir_log":12,"minecraft:stone_brick_stairs":1,"biomesoplenty:fir_leaves":1,"minecraft:light_gray_concrete":22,"minecraft:smooth_quartz":3,"minecraft:stone":2,"minecraft:piston":1},"minecraft:used":{"minecraft:wooden_pickaxe":27,"minecraft:iron_sword":19,"biomesoplenty:fir_planks":1,"minecraft:gilded_blackstone":3,"minecraft:iron_chestplate":1,"minecraft:dirt":4,"minecraft:crafting_table":2,"minecraft:white_bed":1,"minecraft:chiseled_quartz_block":4,"minecraft:piston":1,"minecraft:light_gray_concrete":20,"minecraft:iron_axe":14,"minecraft:bread":1,"minecraft:iron_pickaxe":31,"tombstone:magic_scroll":1,"biomesoplenty:glowing_moss_carpet":1,"minecraft:cobblestone":1,"minecraft:golden_carrot":6,"biomesoplenty:fir_log":1},"minecraft:killed":{"minecraft:skeleton":5,"minecraft:zombie":1},"minecraft:dropped":{"minecraft:filled_map":1,"minecraft:shield":1,"minecraft:skeleton_skull":1},"minecraft:custom":{"minecraft:mob_kills":6,"minecraft:interact_with_crafting_table":8,"minecraft:damage_dealt_resisted":1029,"minecraft:leave_game":1,"minecraft:time_since_death":1709,"minecraft:sleep_in_bed":1,"minecraft:climb_one_cm":17672,"minecraft:time_since_rest":1,"minecraft:sprint_one_cm":34370,"minecraft:damage_taken":690,"minecraft:walk_one_cm":132294,"minecraft:drop":3,"minecraft:damage_dealt":1348,"tombstone:cast_on_ally":0,"minecraft:fly_one_cm":60892,"minecraft:open_chest":9,"minecraft:crouch_one_cm":9257,"minecraft:play_time":40604,"minecraft:deaths":1,"tombstone:undead_killed":6,"minecraft:sneak_time":5347,"minecraft:walk_under_water_one_cm":3572,"minecraft:jump":519,"minecraft:walk_on_water_one_cm":11004,"minecraft:total_world_time":40604,"minecraft:fall_one_cm":14072},"minecraft:crafted":{"minecraft:iron_nugget":9,"minecraft:crafting_table":1,"minecraft:bread":1,"biomesoplenty:fir_planks":44,"minecraft:iron_chestplate":1,"minecraft:shield":2,"minecraft:iron_axe":1,"minecraft:stick":12,"minecraft:iron_pickaxe":1,"minecraft:white_bed":1,"minecraft:shears":1}},"DataVersion":3465}