{"stats":{"minecraft:picked_up":{"born_in_chaos_v1:corpse_maggot":1,"minecraft:crafting_table":4,"minecraft:feather":1,"minecraft:chicken":1,"born_in_chaos_v1:monster_flesh":1,"minecraft:salmon":1,"minecraft:wooden_pickaxe":1,"minecraft:chiseled_quartz_block":4,"biomesoplenty:fir_log":12,"minecraft:gilded_blackstone":3,"minecraft:stone_brick_stairs":1,"minecraft:shield":1,"minecraft:dirt":5,"biomesoplenty:glowing_moss_carpet":1,"born_in_chaos_v1:monster_skin":1,"minecraft:bone":10,"biomesoplenty:fir_boat":1,"biomesoplenty:fir_planks":3,"minecraft:bucket":1,"minecraft:beef":6,"minecraft:stone_pickaxe":1,"minecraft:smooth_quartz":3,"minecraft:chest":2,"minecraft:piston":2,"minecraft:furnace":1,"minecraft:raw_iron":2,"born_in_chaos_v1:shattered_skull":1,"minecraft:torch":1,"minecraft:ink_sac":2,"tombstone:grave_dust":2,"minecraft:diorite":2,"minecraft:white_bed":6,"minecraft:redstone":1,"minecraft:light_gray_concrete":20,"minecraft:arrow":3,"minecraft:rotten_flesh":6,"minecraft:diamond":1,"knightquest:small_essence":3,"minecraft:iron_bars":1,"minecraft:coal":15,"minecraft:white_wool":5,"iceandfire:raw_silver":2,"minecraft:cobblestone":36,"minecraft:sunflower":1},"minecraft:mined":{"minecraft:light_blue_stained_glass_pane":3,"minecraft:white_bed":6,"minecraft:glass_pane":3,"iceandfire:silver_ore":2,"minecraft:chiseled_quartz_block":4,"minecraft:crafting_table":4,"minecraft:torch":1,"minecraft:grass_block":5,"minecraft:redstone_wire":1,"biomesoplenty:high_grass_plant":9,"minecraft:cobblestone":2,"minecraft:tall_grass":1,"biomesoplenty:sprout":1,"minecraft:diorite":2,"minecraft:gilded_blackstone":4,"minecraft:large_fern":3,"minecraft:furnace":1,"minecraft:iron_ore":2,"minecraft:fire":1,"biomesoplenty:fir_log":12,"minecraft:stone_brick_stairs":1,"minecraft:iron_bars":1,"biomesoplenty:high_grass":7,"minecraft:grass":5,"minecraft:coal_ore":2,"biomesoplenty:fir_leaves":1,"minecraft:sunflower":1,"minecraft:smooth_quartz":3,"minecraft:light_gray_concrete":22,"minecraft:stone":36,"minecraft:piston":1},"minecraft:used":{"minecraft:wooden_pickaxe":27,"minecraft:iron_sword":42,"biomesoplenty:fir_planks":1,"biomesoplenty:fir_boat":2,"minecraft:cooked_salmon":1,"minecraft:iron_chestplate":1,"minecraft:gilded_blackstone":3,"minecraft:torch":1,"minecraft:dirt":4,"minecraft:crafting_table":6,"minecraft:white_bed":7,"minecraft:chiseled_quartz_block":4,"minecraft:piston":2,"born_in_chaos_v1:monster_flesh":1,"minecraft:bread":1,"minecraft:light_gray_concrete":20,"minecraft:iron_axe":22,"minecraft:iron_pickaxe":72,"tombstone:magic_scroll":1,"biomesoplenty:glowing_moss_carpet":1,"minecraft:golden_carrot":6,"minecraft:cobblestone":1,"minecraft:furnace":2,"tombstone:gift":2,"minecraft:cooked_beef":2,"biomesoplenty:fir_log":1},"minecraft:killed":{"alexsmobs:seagull":1,"born_in_chaos_v1:maggot":1,"minecraft:skeleton":5,"minecraft:sheep":1,"born_in_chaos_v1:zombie_fisherman":1,"minecraft:zombie":1,"minecraft:chicken":1,"alexsmobs:bison":1},"minecraft:dropped":{"minecraft:enchanted_book":1,"iceandfire:raw_silver":2,"minecraft:iron_nugget":9,"alexsmobs:animal_dictionary":1,"minecraft:wheat":1,"minecraft:cobblestone":6,"minecraft:rotten_flesh":14,"minecraft:white_bed":1,"minecraft:stick":10,"minecraft:filled_map":1,"minecraft:dirt":1,"minecraft:shield":1,"minecraft:diorite":2,"born_in_chaos_v1:monster_skin":1,"minecraft:skeleton_skull":1,"born_in_chaos_v1:corpse_maggot":1,"minecraft:smooth_quartz":3,"tombstone:grave_dust":3,"minecraft:sunflower":1,"knightquest:small_essence":3,"minecraft:stone_pickaxe":1,"minecraft:wooden_pickaxe":1,"minecraft:string":5,"minecraft:stone_brick_stairs":1,"minecraft:bone":1,"minecraft:redstone":1},"minecraft:custom":{"minecraft:interact_with_furnace":14,"minecraft:mob_kills":12,"minecraft:interact_with_crafting_table":16,"minecraft:damage_dealt_resisted":1029,"minecraft:leave_game":2,"minecraft:time_since_death":12965,"minecraft:sleep_in_bed":4,"minecraft:climb_one_cm":17672,"minecraft:time_since_rest":4974,"minecraft:sprint_one_cm":74094,"minecraft:damage_taken":1582,"minecraft:walk_one_cm":178037,"minecraft:drop":30,"minecraft:damage_dealt":1856,"tombstone:cast_on_ally":0,"minecraft:swim_one_cm":42688,"minecraft:fly_one_cm":151526,"minecraft:open_chest":9,"minecraft:play_time":75703,"minecraft:crouch_one_cm":11596,"minecraft:sneak_time":6727,"tombstone:undead_killed":7,"minecraft:deaths":3,"minecraft:walk_under_water_one_cm":20057,"minecraft:boat_one_cm":237048,"minecraft:jump":999,"minecraft:walk_on_water_one_cm":20994,"minecraft:total_world_time":75703,"minecraft:fall_one_cm":27534},"minecraft:killed_by":{"iceandfire:fire_dragon":1},"minecraft:crafted":{"minecraft:cooked_beef":6,"biomesoplenty:fir_boat":1,"minecraft:iron_nugget":9,"minecraft:crafting_table":3,"minecraft:furnace":1,"minecraft:cooked_salmon":1,"minecraft:air":0,"minecraft:bread":1,"biomesoplenty:fir_planks":44,"minecraft:white_wool":1,"minecraft:iron_chestplate":1,"minecraft:diamond_pickaxe":1,"minecraft:shield":2,"minecraft:iron_axe":1,"minecraft:stick":16,"minecraft:iron_ingot":2,"minecraft:iron_pickaxe":1,"minecraft:white_bed":2,"minecraft:shears":1}},"DataVersion":3465}