{"stats":{"minecraft:used":{"beyond_earth:vehicle_upgrader":2,"automobility:steep_slope":1,"aquamirae:esca":1,"alexsmobs:spawn_egg_banana_slug":1,"born_in_chaos_v1:lord_pumpkinhead_spawn_egg":1,"bosses_of_mass_destruction:mob_ward":2,"minecraft:cooked_beef":3,"aquamirae:fin":2,"creeperoverhaul:spruce_creeper_spawn_egg":1},"minecraft:picked_up":{"aquamirae:fin":2,"born_in_chaos_v1:infernal_evil_pumpkin":1,"minecraft:cooked_beef":32,"born_in_chaos_v1:ethereal_spirit":1,"alexsmobs:banana_slug_slime":2,"aquamirae:esca":1,"minecraft:dirt":22,"sons_of_sins:flesh_of_demise":1},"minecraft:custom":{"minecraft:time_since_rest":16176,"minecraft:crouch_one_cm":1266,"minecraft:play_time":16176,"minecraft:sprint_one_cm":4454,"minecraft:damage_taken":595,"minecraft:walk_one_cm":28883,"minecraft:sneak_time":592,"minecraft:jump":537,"minecraft:damage_dealt":125,"minecraft:time_since_death":16176,"minecraft:walk_on_water_one_cm":350,"minecraft:total_world_time":16176,"minecraft:fall_one_cm":2419,"minecraft:fly_one_cm":18086},"minecraft:mined":{"biomesoplenty:bush":1,"minecraft:fire":1}},"DataVersion":3465}