{"stats":{"minecraft:mined":{"minecraft:spruce_planks":8,"minecraft:white_bed":8,"minecraft:oak_sapling":2,"minecraft:cobblestone_stairs":8,"minecraft:red_nether_bricks":1,"beyond_earth:nasa_workbench":1,"minecraft:granite":3,"born_in_chaos_v1:dark_metal_deposit":1,"minecraft:grass_block":229,"iceandfire:pixie_house_oak":2,"minecraft:nether_wart":24,"minecraft:spawner":6,"minecraft:weeping_vines_plant":1,"minecraft:polished_blackstone_bricks":7,"biomesoplenty:orange_cosmos":1,"minecraft:iron_ore":63,"minecraft:fire":14,"born_in_chaos_v1:black_argillite_brick_stairs_n":1,"minecraft:brown_bed":1,"minecraft:water_cauldron":3,"minecraft:dirt_path":8,"minecraft:oak_stairs":76,"minecraft:iron_block":2,"minecraft:twisting_vines_plant":1,"stalwart_dungeons:transient_block_close":5,"minecraft:soul_fire":1,"minecraft:blast_furnace":4,"minecraft:chest":12,"minecraft:cobblestone":94,"minecraft:oak_planks":116,"minecraft:wall_torch":1,"minecraft:white_terracotta":31,"minecraft:chain":1,"minecraft:warped_nylium":2,"minecraft:dark_oak_slab":1,"minecraft:wheat":79,"minecraft:grass":123,"minecraft:oak_log":55,"minecraft:oak_fence_gate":3,"minecraft:dirt":23,"born_in_chaos_v1:infernal_evil_pumpkin_s":1,"minecraft:netherrack":28,"minecraft:oak_leaves":8,"born_in_chaos_v1:black_argillite_column_n":1,"biomesoplenty:watergrass":4,"iceandfire:silver_ore":3,"minecraft:mossy_cobblestone":11,"minecraft:deepslate_diamond_ore":2,"minecraft:oak_door":4,"born_in_chaos_v1:infected_diamond_ore":1,"minecraft:nether_bricks":3,"minecraft:dark_oak_fence":3,"minecraft:spruce_fence":1,"born_in_chaos_v1:black_argillite":1,"minecraft:crimson_roots":1,"minecraft:weeping_vines":3,"minecraft:cracked_nether_bricks":1,"minecraft:hay_block":5,"minecraft:furnace":3,"minecraft:carrots":26,"minecraft:polished_basalt":2,"minecraft:andesite":3,"minecraft:stripped_spruce_log":1,"minecraft:bookshelf":6,"minecraft:potatoes":33,"minecraft:deepslate_iron_ore":13,"minecraft:rail":1,"crittersandcompanions:silk_cocoon":2,"minecraft:stripped_oak_log":17,"minecraft:stone":98,"minecraft:glass_pane":11,"minecraft:soul_sand":25,"minecraft:oak_fence":15,"minecraft:crafting_table":7,"biomesoplenty:mahogany_planks":2,"born_in_chaos_v1:black_argillite_brick_n":2,"minecraft:campfire":1,"minecraft:tall_grass":4,"minecraft:diorite":4,"create:schematic_table":1,"farmersdelight:skillet":1,"biomesoplenty:mahogany_log":4,"iceandfire:pixie_house_mushroom_red":2,"minecraft:yellow_bed":6,"minecraft:coal_ore":24,"minecraft:cobweb":21},"minecraft:killed_by":{"minecraft:player":1},"minecraft:crafted":{"minecraft:oak_planks":164,"minecraft:cobblestone_slab":6,"minecraft:blaze_powder":18,"sophisticatedbackpacks:crafting_upgrade":1,"minecraft:cooked_mutton":3,"minecraft:glass":46,"minecraft:chest":8,"minecraft:stone_hoe":1,"minecraft:oak_slab":6,"sophisticatedbackpacks:backpack":1,"minecraft:cooked_porkchop":5,"minecraft:crafting_table":6,"minecraft:spruce_planks":4,"minecraft:wooden_pickaxe":1,"minecraft:baked_potato":64,"minecraft:iron_helmet":1,"sophisticatedbackpacks:upgrade_base":1,"minecraft:iron_chestplate":2,"minecraft:diamond_pickaxe":1,"minecraft:shield":1,"minecraft:stick":40,"minecraft:iron_ingot":146,"minecraft:iron_pickaxe":3,"minecraft:gold_ingot":6,"minecraft:furnace":2,"minecraft:bone_meal":72,"minecraft:leather":2,"minecraft:iron_axe":2,"minecraft:ladder":6,"minecraft:stone_pickaxe":1,"minecraft:wheat":54,"sophisticatedbackpacks:iron_backpack":1,"minecraft:cooked_cod":16,"sophisticatedbackpacks:gold_backpack":1,"minecraft:bucket":1,"minecraft:stone_axe":1,"minecraft:bread":33,"minecraft:air":0,"minecraft:wooden_axe":3,"minecraft:iron_shovel":2,"minecraft:iron_leggings":1,"beyond_earth:steel_ingot":12},"minecraft:used":{"minecraft:iron_shovel":305,"minecraft:ladder":6,"minecraft:chest":18,"minecraft:shield":64,"minecraft:iron_sword":106,"minecraft:nether_wart":24,"minecraft:iron_chestplate":1,"minecraft:soul_sand":25,"minecraft:nether_bricks":9,"minecraft:carrot":19,"minecraft:tuff":5,"minecraft:axolotl_bucket":1,"minecraft:lava_bucket":3,"minecraft:dark_oak_slab":1,"minecraft:furnace":5,"minecraft:oak_sapling":6,"minecraft:cooked_cod":12,"minecraft:potato":120,"minecraft:diorite":3,"minecraft:stone_pickaxe":23,"minecraft:oak_planks":74,"minecraft:blackstone":3,"minecraft:wooden_pickaxe":5,"iceandfire:pixie_house_oak":2,"minecraft:golden_apple":1,"minecraft:blast_furnace":4,"minecraft:crying_obsidian":1,"minecraft:bread":41,"minecraft:diamond_sword":104,"iceandfire:pixie_house_mushroom_red":2,"minecraft:bone_meal":72,"minecraft:spruce_planks":6,"minecraft:stone_hoe":31,"minecraft:netherrack":10,"minecraft:torch":2,"minecraft:dirt":114,"minecraft:wooden_axe":78,"minecraft:iron_axe":361,"minecraft:oak_stairs":3,"farmersdelight:tomato_seeds":4,"minecraft:cobbled_deepslate":9,"minecraft:brown_bed":1,"minecraft:iron_leggings":1,"minecraft:cooked_mutton":3,"beyond_earth:nasa_workbench":1,"minecraft:water_bucket":9,"minecraft:baked_potato":10,"minecraft:cauldron":3,"minecraft:cobblestone_slab":4,"minecraft:polished_blackstone_bricks":9,"minecraft:mossy_cobblestone":4,"farmersdelight:onion":8,"minecraft:oak_slab":3,"minecraft:crafting_table":11,"minecraft:white_bed":9,"minecraft:oak_log":9,"minecraft:iron_pickaxe":435,"minecraft:cracked_nether_bricks":3,"minecraft:stone_axe":21,"minecraft:cobblestone":121,"minecraft:potion":1,"minecraft:bucket":12,"minecraft:yellow_bed":6,"minecraft:stripped_oak_log":4},"minecraft:custom":{"minecraft:interact_with_crafting_table":51,"minecraft:open_barrel":32,"minecraft:leave_game":4,"minecraft:time_since_death":111333,"minecraft:damage_resisted":28,"minecraft:sprint_one_cm":242221,"minecraft:damage_blocked_by_shield":1595,"minecraft:drop":70,"minecraft:play_time":228559,"minecraft:deaths":3,"minecraft:jump":2774,"minecraft:walk_on_water_one_cm":28444,"minecraft:interact_with_furnace":29,"minecraft:interact_with_cartography_table":1,"minecraft:sleep_in_bed":4,"minecraft:damage_dealt":10840,"minecraft:crouch_one_cm":56889,"tombstone:undead_killed":24,"minecraft:interact_with_smoker":1,"minecraft:mob_kills":67,"minecraft:damage_dealt_resisted":355,"minecraft:climb_one_cm":6959,"minecraft:walk_one_cm":862664,"minecraft:sneak_time":23644,"minecraft:walk_under_water_one_cm":11573,"minecraft:interact_with_blast_furnace":37,"minecraft:total_world_time":228559,"minecraft:time_since_rest":605,"minecraft:damage_taken":4973,"minecraft:damage_absorbed":40,"minecraft:swim_one_cm":10495,"minecraft:fly_one_cm":351406,"minecraft:open_chest":132,"minecraft:fall_one_cm":74992},"minecraft:picked_up":{"minecraft:wooden_axe":1,"minecraft:iron_chestplate":1,"minecraft:wheat":54,"minecraft:diamond_sword":1,"minecraft:oak_stairs":75,"minecraft:brown_bed":1,"minecraft:gilded_blackstone":8,"minecraft:nether_brick":16,"born_in_chaos_v1:bloody_gadfly_eye":1,"minecraft:string":53,"minecraft:raw_copper":1,"minecraft:red_nether_bricks":1,"beyond_earth:nasa_workbench":1,"minecraft:cobbled_deepslate":9,"minecraft:gold_nugget":7,"minecraft:spruce_planks":8,"minecraft:iron_pickaxe":3,"minecraft:furnace":3,"minecraft:stick":9,"born_in_chaos_v1:shattered_skull":1,"minecraft:oak_fence":15,"minecraft:torch":12,"minecraft:porkchop":5,"iceandfire:rotten_egg":1,"tombstone:grave_dust":4,"minecraft:diorite":4,"minecraft:cauldron":6,"beyond_earth:rocket":2,"crittersandcompanions:dragonfly_wing":2,"minecraft:rotten_flesh":13,"minecraft:tropical_fish":1,"create:scoria":1,"farmersdelight:onion":1,"minecraft:polished_basalt":3,"minecraft:iron_block":2,"minecraft:carved_pumpkin":2,"minecraft:white_terracotta":31,"minecraft:blaze_rod":9,"minecraft:obsidian":1,"minecraft:cod":17,"biomesoplenty:orange_cosmos":1,"minecraft:cobblestone":200,"minecraft:leather_chestplate":1,"minecraft:water_bucket":1,"minecraft:andesite":7,"minecraft:potato":127,"exposure:aged_photograph":1,"minecraft:tuff":9,"minecraft:dirt":270,"minecraft:lapis_lazuli":2,"minecraft:twisting_vines":1,"minecraft:bone":35,"minecraft:wheat_seeds":174,"minecraft:raw_gold":6,"minecraft:oak_planks":140,"minecraft:stone_hoe":1,"biomesoplenty:mahogany_planks":2,"minecraft:poisonous_potato":1,"minecraft:stripped_spruce_log":1,"minecraft:dark_oak_log":1,"minecraft:mossy_cobblestone":12,"minecraft:bundle":1,"minecraft:diamond":2,"knightquest:small_essence":8,"minecraft:granite":6,"minecraft:bread":22,"beyond_earth:hammer":2,"minecraft:oak_sapling":9,"minecraft:light_gray_carpet":2,"minecraft:netherrack":25,"minecraft:dark_oak_fence":3,"iceandfire:raw_silver":3,"minecraft:crimson_roots":1,"born_in_chaos_v1:diamond_termite_shard":6,"minecraft:crafting_table":7,"minecraft:nether_wart":82,"iceandfire:pixie_house_oak":2,"minecraft:chicken":2,"born_in_chaos_v1:seedof_chaos":5,"beyond_earth:engine_fan":2,"create:schematic_table":2,"minecraft:chain":2,"minecraft:blackstone":7,"minecraft:poppy":1,"minecraft:chest":12,"minecraft:egg":1,"minecraft:raw_iron":78,"minecraft:oak_door":5,"minecraft:copper_ingot":10,"minecraft:spruce_fence":1,"minecraft:polished_blackstone_bricks":9,"farmersdelight:tomato_seeds":6,"born_in_chaos_v1:pieceofdarkmetal":6,"minecraft:carrot":50,"beyond_earth:steel_ingot":26,"minecraft:weeping_vines":2,"minecraft:arrow":21,"minecraft:nether_bricks":11,"beyond_earth:space_helmet":4,"crittersandcompanions:silk":8,"minecraft:hay_block":6,"minecraft:gold_ingot":4,"minecraft:mutton":3,"minecraft:white_wool":2,"minecraft:rail":3,"minecraft:stripped_oak_log":17,"born_in_chaos_v1:fused_bone":2,"born_in_chaos_v1:corpse_maggot":7,"minecraft:glow_ink_sac":1,"minecraft:leather":3,"minecraft:oak_log":57,"minecraft:chainmail_chestplate":1,"minecraft:lily_pad":1,"minecraft:yellow_bed":6,"minecraft:nether_wart_block":1,"iceandfire:armor_copper_metal_helmet":1,"minecraft:cobblestone_stairs":12,"farmersdelight:skillet":1,"iceandfire:pixie_house_mushroom_red":2,"minecraft:red_carpet":27,"minecraft:apple":4,"minecraft:rabbit_hide":9,"minecraft:oak_fence_gate":3,"minecraft:iron_ingot":27,"minecraft:soul_sand":25,"minecraft:book":19,"stalwart_dungeons:transient_block_close":6,"minecraft:dark_oak_slab":2,"minecraft:dandelion":1,"minecraft:quartz":1,"born_in_chaos_v1:orbofthe_summoner":1,"born_in_chaos_v1:ethereal_spirit":5,"minecraft:cracked_nether_bricks":3,"minecraft:blast_furnace":4,"minecraft:white_bed":13,"minecraft:crying_obsidian":1,"minecraft:spider_eye":9,"biomesoplenty:mahogany_log":4,"minecraft:slime_ball":1,"minecraft:warped_roots":1,"minecraft:baked_potato":28,"tombstone:magic_scroll":1,"minecraft:coal":52},"minecraft:broken":{"minecraft:iron_shovel":1,"minecraft:leather_chestplate":1,"minecraft:iron_axe":1,"minecraft:iron_pickaxe":1},"minecraft:dropped":{"iceandfire:raw_silver":2,"minecraft:glass_bottle":1,"minecraft:warped_roots":1,"biomesoplenty:orange_cosmos":1,"minecraft:red_carpet":9,"minecraft:dirt":1,"minecraft:cooked_cod":4,"minecraft:chain":1,"minecraft:iron_pickaxe":1,"minecraft:bone":3,"minecraft:blackstone":3,"alexsmobs:animal_dictionary":1,"minecraft:wheat":1,"tombstone:gift":1,"born_in_chaos_v1:ethereal_spirit":1,"minecraft:light_gray_carpet":2,"born_in_chaos_v1:seedof_chaos":1,"born_in_chaos_v1:corpse_maggot":1,"minecraft:netherrack":15,"minecraft:egg":1,"minecraft:iron_ingot":11,"minecraft:water_bucket":1,"biomesoplenty:mahogany_log":4,"minecraft:bread":5,"born_in_chaos_v1:shattered_skull":1,"minecraft:wheat_seeds":88,"minecraft:poisonous_potato":1,"minecraft:cobblestone":1,"crittersandcompanions:dragonfly_wing":2,"minecraft:torch":1,"minecraft:wooden_axe":2,"minecraft:oak_stairs":1,"minecraft:lily_pad":1,"minecraft:nether_bricks":2,"minecraft:spruce_fence":1,"crittersandcompanions:silk":8,"minecraft:carved_pumpkin":2,"minecraft:spider_eye":4,"knightquest:small_essence":2,"minecraft:wooden_pickaxe":1},"minecraft:killed":{"born_in_chaos_v1:restless_spirit":1,"born_in_chaos_v1:zombie_lumberjack":1,"minecraft:spider":12,"born_in_chaos_v1:baby_skeleton_minion":1,"minecraft:skeleton":8,"bosses_of_mass_destruction:gauntlet":1,"minecraft:pig":2,"born_in_chaos_v1:diamond_termite":2,"stalwart_dungeons:giddy_blaze":8,"minecraft:sheep":2,"minecraft:zombie":7,"born_in_chaos_v1:maggot":6,"minecraft:horse":1,"stalwart_dungeons:nether_wart_cocoon":5,"born_in_chaos_v1:barrel_zombie":2,"born_in_chaos_v1:bone_imp_minion":2,"knightquest:ratman":1,"born_in_chaos_v1:decrepit_skeleton":1,"born_in_chaos_v1:bonescaller_not_despawn":1}},"DataVersion":3465}