{
  "aquaculture:recipes/aquaculture/heavy_hook": {
    "criteria": {
      "has_items": "2024-07-12 04:28:36 +0000"
    },
    "done": true
  },
  "aquaculture:recipes/decorations/birch_fish_mount": {
    "criteria": {
      "has_items": "2024-07-12 04:28:36 +0000"
    },
    "done": true
  },
  "aquaculture:recipes/misc/neptunium_ingot_from_neptunium_block": {
    "criteria": {
      "has_items": "2024-07-12 04:28:36 +0000"
    },
    "done": true
  },
  "aquaculture:recipes/misc/iron_nugget_from_smelting": {
    "criteria": {
      "has_fishing_rod": "2024-07-12 04:28:36 +0000",
      "has_fillet_knife": "2024-07-12 04:28:36 +0000"
    },
    "done": true
  },
  "minecraft:recipes/decorations/crafting_table": {
    "criteria": {
      "unlock_right_away": "2024-07-12 04:28:36 +0000"
    },
    "done": true
  },
  "aquaculture:recipes/tools/golden_fishing_rod": {
    "criteria": {
      "has_vanilla_rod": "2024-07-12 04:28:36 +0000"
    },
    "done": true
  },
  "aquaculture:recipes/misc/gold_nugget_from_smelting": {
    "criteria": {
      "has_fishing_rod": "2024-07-12 04:28:36 +0000",
      "has_fillet_knife": "2024-07-12 04:28:36 +0000"
    },
    "done": true
  },
  "mowziesmobs:root": {
    "criteria": {
      "custom_test_name": "2024-07-12 04:28:36 +0000"
    },
    "done": true
  },
  "aquaculture:recipes/misc/bonemeal_from_fish_bones": {
    "criteria": {
      "has_items": "2024-07-12 04:28:36 +0000"
    },
    "done": true
  },
  "iceandfire:iceandfire/root": {
    "criteria": {
      "tick": "2024-07-12 04:28:36 +0000"
    },
    "done": true
  },
  "aquaculture:recipes/misc/brown_mushroom_from_fish": {
    "criteria": {
      "has_items": "2024-07-12 04:28:36 +0000"
    },
    "done": true
  },
  "dungeons_arise:wda_root": {
    "criteria": {
      "WDA": "2024-07-12 04:28:36 +0000"
    },
    "done": true
  },
  "the_bumblezone:root": {
    "criteria": {
      "instant_granted": "2024-07-12 04:28:36 +0000"
    },
    "done": true
  },
  "aquaculture:recipes/misc/neptinium_ingot_from_blasting": {
    "criteria": {
      "has_leggings": "2024-07-12 04:28:36 +0000",
      "has_axe": "2024-07-12 04:28:36 +0000",
      "has_helmet": "2024-07-12 04:28:36 +0000",
      "has_fishing_rod": "2024-07-12 04:28:36 +0000",
      "has_bow": "2024-07-12 04:28:36 +0000",
      "has_chestplate": "2024-07-12 04:28:36 +0000",
      "has_sword": "2024-07-12 04:28:36 +0000",
      "has_fillet_knife": "2024-07-12 04:28:36 +0000",
      "has_shovel": "2024-07-12 04:28:36 +0000",
      "has_hoe": "2024-07-12 04:28:36 +0000",
      "has_boots": "2024-07-12 04:28:36 +0000",
      "has_pickaxe": "2024-07-12 04:28:36 +0000"
    },
    "done": true
  },
  "aquaculture:recipes/decorations/dark_oak_fish_mount": {
    "criteria": {
      "has_items": "2024-07-12 04:28:36 +0000"
    },
    "done": true
  },
  "aquaculture:recipes/decorations/acacia_fish_mount": {
    "criteria": {
      "has_items": "2024-07-12 04:28:36 +0000"
    },
    "done": true
  },
  "aquaculture:recipes/aquaculture/diamond_hook": {
    "criteria": {
      "has_items": "2024-07-12 04:28:36 +0000"
    },
    "done": true
  },
  "aquaculture:recipes/food/sushi": {
    "criteria": {
      "has_alt_items": "2024-07-12 04:28:36 +0000",
      "has_items": "2024-07-12 04:28:36 +0000"
    },
    "done": true
  },
  "aquaculture:recipes/aquaculture/light_hook": {
    "criteria": {
      "has_items": "2024-07-12 04:28:36 +0000"
    },
    "done": true
  },
  "aquaculture:recipes/misc/red_mushroom_from_fish": {
    "criteria": {
      "has_items": "2024-07-12 04:28:36 +0000"
    },
    "done": true
  },
  "born_in_chaos_v1:bornin_chaos": {
    "criteria": {
      "bornin_chaos_0": "2024-07-12 04:28:36 +0000"
    },
    "done": true
  },
  "aquaculture:recipes/building_blocks/planks_from_driftwood": {
    "criteria": {
      "has_items": "2024-07-12 04:28:36 +0000"
    },
    "done": true
  },
  "aquaculture:recipes/aquaculture/worm_farm": {
    "criteria": {
      "has_items": "2024-07-12 04:28:36 +0000"
    },
    "done": true
  },
  "aquaculture:recipes/tools/iron_fishing_rod": {
    "criteria": {
      "has_vanilla_rod": "2024-07-12 04:28:36 +0000"
    },
    "done": true
  },
  "aquaculture:recipes/aquaculture/note_hook": {
    "criteria": {
      "has_items": "2024-07-12 04:28:36 +0000"
    },
    "done": true
  },
  "aquaculture:recipes/food/cooked_fish_fillet_from_campfire": {
    "criteria": {
      "has_items": "2024-07-12 04:28:36 +0000"
    },
    "done": true
  },
  "aquaculture:recipes/aquaculture/gold_hook": {
    "criteria": {
      "has_items": "2024-07-12 04:28:36 +0000"
    },
    "done": true
  },
  "aquaculture:recipes/decorations/oak_fish_mount": {
    "criteria": {
      "has_items": "2024-07-12 04:28:36 +0000"
    },
    "done": true
  },
  "aquaculture:recipes/decorations/spruce_fish_mount": {
    "criteria": {
      "has_items": "2024-07-12 04:28:36 +0000"
    },
    "done": true
  },
  "aquaculture:recipes/aquaculture/double_hook": {
    "criteria": {
      "has_items": "2024-07-12 04:28:36 +0000"
    },
    "done": true
  },
  "aquaculture:recipes/aquaculture/fishing_line": {
    "criteria": {
      "has_items": "2024-07-12 04:28:36 +0000"
    },
    "done": true
  },
  "aquaculture:recipes/misc/tin_can_to_iron_nugget_from_blasting": {
    "criteria": {
      "has_items": "2024-07-12 04:28:36 +0000"
    },
    "done": true
  },
  "cataclysm:root": {
    "criteria": {
      "custom_test_name": "2024-07-12 04:28:36 +0000"
    },
    "done": true
  },
  "aquaculture:recipes/aquaculture/iron_hook": {
    "criteria": {
      "has_items": "2024-07-12 04:28:36 +0000"
    },
    "done": true
  },
  "aquaculture:recipes/misc/jellyfish_to_slimeball": {
    "criteria": {
      "has_items": "2024-07-12 04:28:36 +0000"
    },
    "done": true
  },
  "aquaculture:recipes/aquaculture/redstone_hook": {
    "criteria": {
      "has_items": "2024-07-12 04:28:36 +0000"
    },
    "done": true
  },
  "aquaculture:recipes/misc/gold_nugget_from_blasting": {
    "criteria": {
      "has_fishing_rod": "2024-07-12 04:28:36 +0000",
      "has_fillet_knife": "2024-07-12 04:28:36 +0000"
    },
    "done": true
  },
  "aquaculture:recipes/aquaculture/bobber": {
    "criteria": {
      "has_items": "2024-07-12 04:28:36 +0000"
    },
    "done": true
  },
  "aquaculture:recipes/misc/gold_nugget_from_gold_fish": {
    "criteria": {
      "has_items": "2024-07-12 04:28:36 +0000"
    },
    "done": true
  },
  "aquaculture:recipes/food/cooked_fish_fillet_from_smoking": {
    "criteria": {
      "has_items": "2024-07-12 04:28:36 +0000"
    },
    "done": true
  },
  "aquaculture:recipes/tools/diamond_fishing_rod": {
    "criteria": {
      "has_vanilla_rod": "2024-07-12 04:28:36 +0000"
    },
    "done": true
  },
  "farmersdelight:main/root": {
    "criteria": {
      "seeds": "2024-07-12 04:28:36 +0000"
    },
    "done": true
  },
  "aquaculture:recipes/food/cooked_fish_fillet": {
    "criteria": {
      "has_items": "2024-07-12 04:28:36 +0000"
    },
    "done": true
  },
  "the_bumblezone:wiki": {
    "criteria": {
      "instant_granted": "2024-07-12 04:28:36 +0000"
    },
    "done": true
  },
  "exposure:recipes/tools/camera": {
    "criteria": {
      "has_iron": "2024-07-12 04:28:36 +0000"
    },
    "done": true
  },
  "aquaculture:recipes/misc/neptunium_ingot_from_nuggets": {
    "criteria": {
      "has_items": "2024-07-12 04:28:36 +0000"
    },
    "done": true
  },
  "aquaculture:recipes/misc/iron_nugget_from_blasting": {
    "criteria": {
      "has_fishing_rod": "2024-07-12 04:28:36 +0000",
      "has_fillet_knife": "2024-07-12 04:28:36 +0000"
    },
    "done": true
  },
  "aquaculture:recipes/misc/tin_can_to_iron_nugget": {
    "criteria": {
      "has_items": "2024-07-12 04:28:36 +0000"
    },
    "done": true
  },
  "aquaculture:recipes/decorations/jungle_fish_mount": {
    "criteria": {
      "has_items": "2024-07-12 04:28:36 +0000"
    },
    "done": true
  },
  "biomesoplenty:biomesoplenty/root": {
    "criteria": {
      "shrubland": "2024-07-12 04:28:37 +0000"
    },
    "done": true
  },
  "tombstone:adventure/root": {
    "criteria": {
      "auto": "2024-07-12 04:28:37 +0000"
    },
    "done": true
  },
  "biomesoplenty:biomesoplenty/all_biomes": {
    "criteria": {
      "shrubland": "2024-07-12 04:28:37 +0000",
      "rocky_shrubland": "2024-07-12 04:31:37 +0000",
      "mystic_grove": "2024-07-12 04:32:24 +0000",
      "coniferous_forest": "2024-07-12 14:24:16 +0000",
      "dune_beach": "2024-07-12 04:29:40 +0000",
      "grassland": "2024-07-12 04:32:29 +0000"
    },
    "done": false
  },
  "alexsmobs:alexsmobs/root": {
    "criteria": {
      "useitem": "2024-07-12 04:29:24 +0000"
    },
    "done": true
  },
  "minecraft:husbandry/root": {
    "criteria": {
      "consumed_item": "2024-07-12 04:29:24 +0000"
    },
    "done": true
  },
  "minecraft:adventure/adventuring_time": {
    "criteria": {
      "minecraft:deep_ocean": "2024-07-12 14:23:08 +0000",
      "minecraft:beach": "2024-07-12 04:31:47 +0000",
      "minecraft:river": "2024-07-12 04:31:42 +0000",
      "minecraft:stony_shore": "2024-07-12 14:24:08 +0000",
      "minecraft:cold_ocean": "2024-07-12 14:24:00 +0000",
      "minecraft:deep_cold_ocean": "2024-07-12 14:23:22 +0000",
      "minecraft:frozen_ocean": "2024-07-12 14:28:38 +0000",
      "minecraft:deep_frozen_ocean": "2024-07-12 14:24:29 +0000",
      "minecraft:ocean": "2024-07-12 04:29:47 +0000"
    },
    "done": false
  },
  "tombstone:adventure/first_grave": {
    "criteria": {
      "coded_trigger": "2024-07-12 04:30:03 +0000"
    },
    "done": true
  },
  "minecraft:adventure/root": {
    "criteria": {
      "killed_by_something": "2024-07-12 04:30:03 +0000"
    },
    "done": true
  },
  "tombstone:recipes/from_grave_key": {
    "criteria": {
      "has_ingredient": "2024-07-12 04:30:05 +0000"
    },
    "done": true
  },
  "biomesoplenty:recipes/transportation/willow_boat": {
    "criteria": {
      "in_water": "2024-07-12 04:31:48 +0000"
    },
    "done": true
  },
  "minecraft:recipes/transportation/cherry_boat": {
    "criteria": {
      "in_water": "2024-07-12 04:31:48 +0000"
    },
    "done": true
  },
  "biomesoplenty:recipes/transportation/umbran_boat": {
    "criteria": {
      "in_water": "2024-07-12 04:31:48 +0000"
    },
    "done": true
  },
  "minecraft:recipes/transportation/bamboo_raft": {
    "criteria": {
      "in_water": "2024-07-12 04:31:48 +0000"
    },
    "done": true
  },
  "biomesoplenty:recipes/transportation/dead_boat": {
    "criteria": {
      "in_water": "2024-07-12 04:31:48 +0000"
    },
    "done": true
  },
  "biomesoplenty:recipes/transportation/magic_boat": {
    "criteria": {
      "in_water": "2024-07-12 04:31:48 +0000"
    },
    "done": true
  },
  "minecraft:recipes/transportation/acacia_boat": {
    "criteria": {
      "in_water": "2024-07-12 04:31:48 +0000"
    },
    "done": true
  },
  "minecraft:recipes/transportation/jungle_boat": {
    "criteria": {
      "in_water": "2024-07-12 04:31:48 +0000"
    },
    "done": true
  },
  "biomesoplenty:recipes/transportation/fir_boat": {
    "criteria": {
      "in_water": "2024-07-12 04:31:48 +0000"
    },
    "done": true
  },
  "minecraft:recipes/transportation/spruce_boat": {
    "criteria": {
      "in_water": "2024-07-12 04:31:48 +0000"
    },
    "done": true
  },
  "minecraft:recipes/transportation/birch_boat": {
    "criteria": {
      "in_water": "2024-07-12 04:31:48 +0000"
    },
    "done": true
  },
  "minecraft:recipes/transportation/oak_boat": {
    "criteria": {
      "in_water": "2024-07-12 04:31:48 +0000"
    },
    "done": true
  },
  "biomesoplenty:recipes/transportation/redwood_boat": {
    "criteria": {
      "in_water": "2024-07-12 04:31:48 +0000"
    },
    "done": true
  },
  "minecraft:recipes/transportation/mangrove_boat": {
    "criteria": {
      "in_water": "2024-07-12 04:31:48 +0000"
    },
    "done": true
  },
  "biomesoplenty:recipes/transportation/hellbark_boat": {
    "criteria": {
      "in_water": "2024-07-12 04:31:48 +0000"
    },
    "done": true
  },
  "biomesoplenty:recipes/transportation/jacaranda_boat": {
    "criteria": {
      "in_water": "2024-07-12 04:31:48 +0000"
    },
    "done": true
  },
  "biomesoplenty:recipes/transportation/mahogany_boat": {
    "criteria": {
      "in_water": "2024-07-12 04:31:48 +0000"
    },
    "done": true
  },
  "biomesoplenty:recipes/transportation/palm_boat": {
    "criteria": {
      "in_water": "2024-07-12 04:31:48 +0000"
    },
    "done": true
  },
  "minecraft:recipes/transportation/dark_oak_boat": {
    "criteria": {
      "in_water": "2024-07-12 04:31:48 +0000"
    },
    "done": true
  },
  "aquamirae:adventure/find_ice_maze": {
    "criteria": {
      "deep_frozen_ocean": "2024-07-12 14:24:29 +0000"
    },
    "done": true
  },
  "farmersdelight:recipes/food/nether_salad": {
    "criteria": {
      "has_bowl": "2024-07-12 14:25:17 +0000"
    },
    "done": true
  },
  "farmersdelight:recipes/food/mixed_salad": {
    "criteria": {
      "has_bowl": "2024-07-12 14:25:17 +0000"
    },
    "done": true
  },
  "farmersdelight:main/master_chef": {
    "criteria": {
      "honey_glazed_ham": "2024-07-12 14:25:17 +0000"
    },
    "done": false
  },
  "farmersdelight:main/eat_nourishing_food": {
    "criteria": {
      "nourishment": "2024-07-12 14:25:17 +0000"
    },
    "done": true
  },
  "minecraft:recipes/food/mushroom_stew": {
    "criteria": {
      "has_bowl": "2024-07-12 14:25:17 +0000"
    },
    "done": true
  },
  "minecraft:recipes/decorations/chest": {
    "criteria": {
      "has_lots_of_items": "2024-07-12 14:25:23 +0000"
    },
    "done": true
  },
  "aquamirae:adventure/obtain_fin": {
    "criteria": {
      "fin": "2024-07-12 14:25:23 +0000"
    },
    "done": true
  },
  "aquamirae:recipes/fin": {
    "criteria": {
      "has_item": "2024-07-12 14:25:23 +0000"
    },
    "done": true
  },
  "minecraft:recipes/redstone/dispenser": {
    "criteria": {
      "has_bow": "2024-07-12 14:28:57 +0000"
    },
    "done": true
  },
  "securitycraft:recipes/redstone/reinforced_dispenser": {
    "criteria": {
      "has_bow": "2024-07-12 14:28:57 +0000"
    },
    "done": true
  },
  "knightquest:recipes/misc/bow_chestplate": {
    "criteria": {
      "has_arrow": "2024-07-12 14:29:02 +0000"
    },
    "done": true
  },
  "knightquest:recipes/misc/bow_helmet": {
    "criteria": {
      "has_arrow": "2024-07-12 14:29:02 +0000"
    },
    "done": true
  },
  "knightquest:recipes/misc/bow_leggings": {
    "criteria": {
      "has_arrow": "2024-07-12 14:29:02 +0000"
    },
    "done": true
  },
  "knightquest:recipes/misc/bow_boots": {
    "criteria": {
      "has_arrow": "2024-07-12 14:29:02 +0000"
    },
    "done": true
  },
  "iceandfire:recipes/building_blocks/dragonforge_ice_brick": {
    "criteria": {
      "has_item": "2024-07-12 14:31:15 +0000"
    },
    "done": true
  },
  "minecraft:recipes/building_blocks/stone_brick_stairs": {
    "criteria": {
      "has_stone_bricks": "2024-07-12 14:31:15 +0000"
    },
    "done": true
  },
  "iceandfire:recipes/building_blocks/dragonforge_fire_brick": {
    "criteria": {
      "has_item": "2024-07-12 14:31:15 +0000"
    },
    "done": true
  },
  "minecraft:recipes/building_blocks/stone_brick_slab": {
    "criteria": {
      "has_stone_bricks": "2024-07-12 14:31:15 +0000"
    },
    "done": true
  },
  "minecraft:recipes/building_blocks/chiseled_stone_bricks_from_stone_bricks_stonecutting": {
    "criteria": {
      "has_stone_bricks": "2024-07-12 14:31:15 +0000"
    },
    "done": true
  },
  "minecraft:recipes/decorations/stone_brick_wall": {
    "criteria": {
      "has_stone_bricks": "2024-07-12 14:31:15 +0000"
    },
    "done": true
  },
  "minecraft:recipes/building_blocks/cracked_stone_bricks": {
    "criteria": {
      "has_stone_bricks": "2024-07-12 14:31:15 +0000"
    },
    "done": true
  },
  "minecraft:recipes/building_blocks/stone_brick_stairs_from_stone_bricks_stonecutting": {
    "criteria": {
      "has_stone_bricks": "2024-07-12 14:31:15 +0000"
    },
    "done": true
  },
  "iceandfire:recipes/building_blocks/dragonforge_lightning_brick": {
    "criteria": {
      "has_item": "2024-07-12 14:31:15 +0000"
    },
    "done": true
  },
  "minecraft:recipes/building_blocks/chiseled_stone_bricks": {
    "criteria": {
      "has_tag": "2024-07-12 14:31:15 +0000"
    },
    "done": true
  },
  "minecraft:recipes/decorations/stone_brick_wall_from_stone_bricks_stonecutting": {
    "criteria": {
      "has_stone_bricks": "2024-07-12 14:31:15 +0000"
    },
    "done": true
  },
  "minecraft:recipes/building_blocks/stone_brick_slab_from_stone_bricks_stonecutting": {
    "criteria": {
      "has_stone_bricks": "2024-07-12 14:31:15 +0000"
    },
    "done": true
  },
  "minecraft:adventure/kill_all_mobs": {
    "criteria": {
      "minecraft:pillager": "2024-07-12 14:35:01 +0000",
      "minecraft:skeleton": "2024-07-12 14:31:44 +0000",
      "minecraft:vindicator": "2024-07-12 14:35:21 +0000"
    },
    "done": false
  },
  "minecraft:adventure/kill_a_mob": {
    "criteria": {
      "minecraft:skeleton": "2024-07-12 14:31:44 +0000"
    },
    "done": true
  },
  "minecraft:recipes/misc/iron_nugget_from_smelting": {
    "criteria": {
      "has_chainmail_boots": "2024-07-12 14:31:53 +0000"
    },
    "done": true
  },
  "minecraft:recipes/misc/iron_nugget_from_blasting": {
    "criteria": {
      "has_chainmail_boots": "2024-07-12 14:31:53 +0000"
    },
    "done": true
  },
  "minecraft:adventure/shoot_arrow": {
    "criteria": {
      "shot_arrow": "2024-07-12 14:32:34 +0000"
    },
    "done": true
  },
  "tombstone:adventure/first_knowledge": {
    "criteria": {
      "coded_trigger": "2024-07-12 14:35:01 +0000"
    },
    "done": true
  },
  "tombstone:adventure/ambush": {
    "criteria": {
      "coded_trigger": "2024-07-12 14:35:01 +0000"
    },
    "done": true
  },
  "knightquest:recipes/misc/bamboo_green_leggings": {
    "criteria": {
      "has_emerald": "2024-07-12 14:35:02 +0000"
    },
    "done": true
  },
  "knightquest:recipes/misc/husk_helmet2": {
    "criteria": {
      "has_emerald": "2024-07-12 14:35:02 +0000"
    },
    "done": true
  },
  "knightquest:recipes/misc/bamboo_green_chestplate": {
    "criteria": {
      "has_emerald": "2024-07-12 14:35:02 +0000"
    },
    "done": true
  },
  "knightquest:recipes/misc/chainmail_helmet2": {
    "criteria": {
      "has_wheat_seeds": "2024-07-12 14:35:02 +0000"
    },
    "done": true
  },
  "minecraft:recipes/building_blocks/emerald_block": {
    "criteria": {
      "has_emerald": "2024-07-12 14:35:02 +0000"
    },
    "done": true
  },
  "knightquest:recipes/misc/bamboo_green_helmet": {
    "criteria": {
      "has_emerald": "2024-07-12 14:35:02 +0000"
    },
    "done": true
  },
  "knightquest:recipes/misc/bamboo_green_boots": {
    "criteria": {
      "has_emerald": "2024-07-12 14:35:02 +0000"
    },
    "done": true
  },
  "minecraft:adventure/ol_betsy": {
    "criteria": {
      "shot_crossbow": "2024-07-12 14:38:12 +0000"
    },
    "done": true
  },
  "knightquest:recipes/misc/wither_helmet": {
    "criteria": {
      "has_bone": "2024-07-12 14:38:28 +0000"
    },
    "done": true
  },
  "knightquest:recipes/misc/skeleton_chestplate": {
    "criteria": {
      "has_bone": "2024-07-12 14:38:28 +0000"
    },
    "done": true
  },
  "knightquest:recipes/misc/wither_boots": {
    "criteria": {
      "has_bone": "2024-07-12 14:38:28 +0000"
    },
    "done": true
  },
  "knightquest:recipes/misc/pirate_helmet": {
    "criteria": {
      "has_bone": "2024-07-12 14:38:28 +0000"
    },
    "done": true
  },
  "knightquest:recipes/misc/wither_leggings": {
    "criteria": {
      "has_bone": "2024-07-12 14:38:28 +0000"
    },
    "done": true
  },
  "knightquest:recipes/misc/wither_chestplate": {
    "criteria": {
      "has_bone": "2024-07-12 14:38:28 +0000"
    },
    "done": true
  },
  "knightquest:recipes/misc/skeleton_helmet": {
    "criteria": {
      "has_bone": "2024-07-12 14:38:28 +0000"
    },
    "done": true
  },
  "knightquest:recipes/misc/pirate_chestplate": {
    "criteria": {
      "has_bone": "2024-07-12 14:38:28 +0000"
    },
    "done": true
  },
  "knightquest:recipes/misc/skeleton_leggings": {
    "criteria": {
      "has_bone": "2024-07-12 14:38:28 +0000"
    },
    "done": true
  },
  "knightquest:recipes/misc/pirate_leggings": {
    "criteria": {
      "has_bone": "2024-07-12 14:38:28 +0000"
    },
    "done": true
  },
  "knightquest:recipes/misc/pirate_boots": {
    "criteria": {
      "has_bone": "2024-07-12 14:38:28 +0000"
    },
    "done": true
  },
  "minecraft:recipes/misc/bone_meal": {
    "criteria": {
      "has_bone": "2024-07-12 14:38:28 +0000"
    },
    "done": true
  },
  "knightquest:recipes/misc/skeleton_boots": {
    "criteria": {
      "has_bone": "2024-07-12 14:38:28 +0000"
    },
    "done": true
  },
  "farmersdelight:recipes/cooking/bone_broth": {
    "criteria": {
      "has_bone": "2024-07-12 14:38:28 +0000"
    },
    "done": true
  },
  "iceandfire:iceandfire/dragonbone_flaming_sword": {
    "criteria": {
      "sword": "2024-07-12 14:38:30 +0000"
    },
    "done": true
  },
  "iceandfire:recipes/tools/copper_shovel": {
    "criteria": {
      "has_item": "2024-07-12 14:43:01 +0000"
    },
    "done": true
  },
  "iceandfire:recipes/combat/dragonarmor_diamond_body": {
    "criteria": {
      "has_item": "2024-07-12 14:43:01 +0000"
    },
    "done": true
  },
  "iceandfire:recipes/combat/dragonarmor_iron_neck": {
    "criteria": {
      "has_item": "2024-07-12 14:43:01 +0000"
    },
    "done": true
  },
  "iceandfire:recipes/tools/copper_axe": {
    "criteria": {
      "has_item": "2024-07-12 14:43:01 +0000"
    },
    "done": true
  },
  "iceandfire:recipes/combat/dragonarmor_diamond_tail": {
    "criteria": {
      "has_item": "2024-07-12 14:43:01 +0000"
    },
    "done": true
  },
  "iceandfire:recipes/combat/dragonarmor_copper_head": {
    "criteria": {
      "has_item": "2024-07-12 14:43:01 +0000"
    },
    "done": true
  },
  "iceandfire:recipes/combat/dragonarmor_silver_neck": {
    "criteria": {
      "has_item": "2024-07-12 14:43:01 +0000"
    },
    "done": true
  },
  "iceandfire:recipes/tools/silver_axe": {
    "criteria": {
      "has_item": "2024-07-12 14:43:01 +0000"
    },
    "done": true
  },
  "iceandfire:recipes/tools/silver_sword": {
    "criteria": {
      "has_item": "2024-07-12 14:43:01 +0000"
    },
    "done": true
  },
  "iceandfire:recipes/combat/armor_copper_metal_leggings": {
    "criteria": {
      "has_item": "2024-07-12 14:43:01 +0000"
    },
    "done": true
  },
  "iceandfire:recipes/combat/dragonarmor_silver_tail": {
    "criteria": {
      "has_item": "2024-07-12 14:43:01 +0000"
    },
    "done": true
  },
  "iceandfire:recipes/combat/dragonarmor_copper_body": {
    "criteria": {
      "has_item": "2024-07-12 14:43:01 +0000"
    },
    "done": true
  },
  "iceandfire:recipes/combat/dragonarmor_gold_head": {
    "criteria": {
      "has_item": "2024-07-12 14:43:01 +0000"
    },
    "done": true
  },
  "iceandfire:recipes/combat/dragonarmor_copper_tail": {
    "criteria": {
      "has_item": "2024-07-12 14:43:01 +0000"
    },
    "done": true
  },
  "iceandfire:recipes/combat/armor_silver_metal_helmet": {
    "criteria": {
      "has_item": "2024-07-12 14:43:01 +0000"
    },
    "done": true
  },
  "iceandfire:recipes/tools/copper_hoe": {
    "criteria": {
      "has_item": "2024-07-12 14:43:01 +0000"
    },
    "done": true
  },
  "iceandfire:recipes/combat/dragonarmor_iron_head": {
    "criteria": {
      "has_item": "2024-07-12 14:43:01 +0000"
    },
    "done": true
  },
  "iceandfire:recipes/tools/silver_pickaxe": {
    "criteria": {
      "has_item": "2024-07-12 14:43:01 +0000"
    },
    "done": true
  },
  "iceandfire:recipes/combat/dragonarmor_diamond_head": {
    "criteria": {
      "has_item": "2024-07-12 14:43:01 +0000"
    },
    "done": true
  },
  "iceandfire:recipes/combat/dragonarmor_gold_neck": {
    "criteria": {
      "has_item": "2024-07-12 14:43:01 +0000"
    },
    "done": true
  },
  "iceandfire:recipes/combat/dragonarmor_silver_head": {
    "criteria": {
      "has_item": "2024-07-12 14:43:01 +0000"
    },
    "done": true
  },
  "iceandfire:recipes/combat/dragonarmor_diamond_neck": {
    "criteria": {
      "has_item": "2024-07-12 14:43:01 +0000"
    },
    "done": true
  },
  "iceandfire:recipes/combat/dragonarmor_iron_body": {
    "criteria": {
      "has_item": "2024-07-12 14:43:01 +0000"
    },
    "done": true
  },
  "iceandfire:recipes/combat/armor_silver_metal_boots": {
    "criteria": {
      "has_item": "2024-07-12 14:43:01 +0000"
    },
    "done": true
  },
  "iceandfire:recipes/combat/dragonarmor_silver_body": {
    "criteria": {
      "has_item": "2024-07-12 14:43:01 +0000"
    },
    "done": true
  },
  "iceandfire:recipes/combat/dragonarmor_gold_tail": {
    "criteria": {
      "has_item": "2024-07-12 14:43:01 +0000"
    },
    "done": true
  },
  "iceandfire:recipes/tools/copper_sword": {
    "criteria": {
      "has_item": "2024-07-12 14:43:01 +0000"
    },
    "done": true
  },
  "iceandfire:recipes/combat/dragonarmor_iron_tail": {
    "criteria": {
      "has_item": "2024-07-12 14:43:01 +0000"
    },
    "done": true
  },
  "iceandfire:recipes/combat/armor_copper_metal_boots": {
    "criteria": {
      "has_item": "2024-07-12 14:43:01 +0000"
    },
    "done": true
  },
  "iceandfire:recipes/combat/armor_copper_metal_helmet": {
    "criteria": {
      "has_item": "2024-07-12 14:43:01 +0000"
    },
    "done": true
  },
  "iceandfire:recipes/combat/dragonarmor_copper_neck": {
    "criteria": {
      "has_item": "2024-07-12 14:43:01 +0000"
    },
    "done": true
  },
  "iceandfire:recipes/combat/armor_silver_metal_chestplate": {
    "criteria": {
      "has_item": "2024-07-12 14:43:01 +0000"
    },
    "done": true
  },
  "iceandfire:recipes/tools/silver_hoe": {
    "criteria": {
      "has_item": "2024-07-12 14:43:01 +0000"
    },
    "done": true
  },
  "iceandfire:recipes/tools/silver_shovel": {
    "criteria": {
      "has_item": "2024-07-12 14:43:01 +0000"
    },
    "done": true
  },
  "iceandfire:recipes/combat/dragonarmor_gold_body": {
    "criteria": {
      "has_item": "2024-07-12 14:43:01 +0000"
    },
    "done": true
  },
  "iceandfire:recipes/combat/armor_copper_metal_chestplate": {
    "criteria": {
      "has_item": "2024-07-12 14:43:01 +0000"
    },
    "done": true
  },
  "iceandfire:recipes/tools/copper_pickaxe": {
    "criteria": {
      "has_item": "2024-07-12 14:43:01 +0000"
    },
    "done": true
  },
  "iceandfire:recipes/combat/armor_silver_metal_leggings": {
    "criteria": {
      "has_item": "2024-07-12 14:43:01 +0000"
    },
    "done": true
  },
  "minecraft:story/mine_stone": {
    "criteria": {
      "get_stone": "2024-07-12 18:20:08 +0000"
    },
    "done": true
  },
  "minecraft:recipes/decorations/furnace": {
    "criteria": {
      "has_cobblestone": "2024-07-12 18:20:08 +0000"
    },
    "done": true
  },
  "knightquest:recipes/misc/khopesh": {
    "criteria": {
      "has_netherite_sword": "2024-07-12 18:19:44 +0000"
    },
    "done": true
  },
  "securitycraft:recipes/building_blocks/reinforced_andesite_with_vanilla_diorite": {
    "criteria": {
      "has_cobblestone": "2024-07-12 18:20:08 +0000"
    },
    "done": true
  },
  "minecraft:recipes/decorations/mossy_stone_brick_wall": {
    "criteria": {
      "has_mossy_stone_bricks": "2024-07-12 18:19:59 +0000"
    },
    "done": true
  },
  "minecraft:recipes/building_blocks/cobblestone_slab_from_cobblestone_stonecutting": {
    "criteria": {
      "has_cobblestone": "2024-07-12 18:20:08 +0000"
    },
    "done": true
  },
  "minecraft:recipes/building_blocks/stone": {
    "criteria": {
      "has_cobblestone": "2024-07-12 18:20:08 +0000"
    },
    "done": true
  },
  "minecraft:recipes/building_blocks/mossy_stone_brick_slab": {
    "criteria": {
      "has_mossy_stone_bricks": "2024-07-12 18:19:59 +0000"
    },
    "done": true
  },
  "securitycraft:recipes/building_blocks/reinforced_andesite_with_vanilla_cobblestone": {
    "criteria": {
      "has_cobblestone": "2024-07-12 18:20:08 +0000"
    },
    "done": true
  },
  "tombstone:adventure/cancel_ghostly_shape": {
    "criteria": {
      "coded_trigger": "2024-07-12 18:17:51 +0000"
    },
    "done": true
  },
  "minecraft:recipes/tools/stone_pickaxe": {
    "criteria": {
      "has_cobblestone": "2024-07-12 18:20:08 +0000"
    },
    "done": true
  },
  "minecraft:recipes/building_blocks/cobblestone_slab": {
    "criteria": {
      "has_cobblestone": "2024-07-12 18:20:08 +0000"
    },
    "done": true
  },
  "tombstone:recipes/from_grave_dust": {
    "criteria": {
      "has_ingredient": "2024-07-12 18:17:53 +0000"
    },
    "done": true
  },
  "tombstone:adventure/easy_opening": {
    "criteria": {
      "coded_trigger": "2024-07-12 18:20:12 +0000"
    },
    "done": true
  },
  "minecraft:recipes/decorations/cobblestone_wall_from_cobblestone_stonecutting": {
    "criteria": {
      "has_cobblestone": "2024-07-12 18:20:08 +0000"
    },
    "done": true
  },
  "minecraft:recipes/building_blocks/cobblestone_stairs": {
    "criteria": {
      "has_cobblestone": "2024-07-12 18:20:08 +0000"
    },
    "done": true
  },
  "minecraft:recipes/building_blocks/mossy_stone_brick_stairs_from_mossy_stone_brick_stonecutting": {
    "criteria": {
      "has_mossy_stone_bricks": "2024-07-12 18:19:59 +0000"
    },
    "done": true
  },
  "minecraft:recipes/tools/stone_shovel": {
    "criteria": {
      "has_cobblestone": "2024-07-12 18:20:08 +0000"
    },
    "done": true
  },
  "minecraft:recipes/building_blocks/mossy_stone_brick_slab_from_mossy_stone_brick_stonecutting": {
    "criteria": {
      "has_mossy_stone_bricks": "2024-07-12 18:19:59 +0000"
    },
    "done": true
  },
  "minecraft:recipes/redstone/lever": {
    "criteria": {
      "has_cobblestone": "2024-07-12 18:20:08 +0000"
    },
    "done": true
  },
  "minecraft:recipes/combat/stone_sword": {
    "criteria": {
      "has_cobblestone": "2024-07-12 18:20:08 +0000"
    },
    "done": true
  },
  "minecraft:recipes/decorations/cobblestone_wall": {
    "criteria": {
      "has_cobblestone": "2024-07-12 18:20:08 +0000"
    },
    "done": true
  },
  "knightquest:recipes/misc/nail_sword": {
    "criteria": {
      "has_netherite_sword": "2024-07-12 18:19:44 +0000"
    },
    "done": true
  },
  "minecraft:recipes/tools/stone_axe": {
    "criteria": {
      "has_cobblestone": "2024-07-12 18:20:08 +0000"
    },
    "done": true
  },
  "securitycraft:recipes/redstone/laser_block": {
    "criteria": {
      "has_stone": "2024-07-12 18:20:08 +0000"
    },
    "done": true
  },
  "knightquest:recipes/misc/paladin_sword": {
    "criteria": {
      "has_netherite_sword": "2024-07-12 18:19:44 +0000"
    },
    "done": true
  },
  "knightquest:recipes/misc/khopesh_claymore": {
    "criteria": {
      "has_netherite_sword": "2024-07-12 18:19:44 +0000"
    },
    "done": true
  },
  "knightquest:recipes/misc/nail_glaive": {
    "criteria": {
      "has_netherite_sword": "2024-07-12 18:19:44 +0000"
    },
    "done": true
  },
  "minecraft:recipes/building_blocks/mossy_stone_brick_stairs": {
    "criteria": {
      "has_mossy_stone_bricks": "2024-07-12 18:19:59 +0000"
    },
    "done": true
  },
  "securitycraft:recipes/building_blocks/reinforced_andesite": {
    "criteria": {
      "has_cobblestone": "2024-07-12 18:20:08 +0000"
    },
    "done": true
  },
  "securitycraft:recipes/building_blocks/reinforced_diorite": {
    "criteria": {
      "has_cobblestone": "2024-07-12 18:20:08 +0000"
    },
    "done": true
  },
  "minecraft:recipes/building_blocks/cobblestone_stairs_from_cobblestone_stonecutting": {
    "criteria": {
      "has_cobblestone": "2024-07-12 18:20:08 +0000"
    },
    "done": true
  },
  "aquaculture:recipes/tools/stone_fillet_knife": {
    "criteria": {
      "has_items": "2024-07-12 18:20:08 +0000"
    },
    "done": true
  },
  "minecraft:recipes/tools/stone_hoe": {
    "criteria": {
      "has_cobblestone": "2024-07-12 18:20:08 +0000"
    },
    "done": true
  },
  "minecraft:recipes/decorations/mossy_stone_brick_wall_from_mossy_stone_brick_stonecutting": {
    "criteria": {
      "has_mossy_stone_bricks": "2024-07-12 18:19:59 +0000"
    },
    "done": true
  },
  "DataVersion": 3465
}